name,price,country
Sporty Cap,15.99,Indonesia
Low-Fat Cottage Cheese,2.99,Peru
Wildflower Honey,4.99,Norway
Blender Bottle,12.99,China
Comfortable Jogger Pants,29.99,Poland
Thai Green Curry Paste,2.49,Saudi Arabia
Portable SSD,129.99,China
Honey Roasted Peanuts,3.19,Philippines
Body Wash,12.99,Sweden
Comfort Flats,44.99,Russia
Handheld Shower Head,34.99,Cambodia
Outdoor Fire Pit,149.99,Iran
Desk Organizer Set,29.99,Luxembourg
Wireless Car Charger,24.99,France
Elderberry Syrup,11.99,Greece
LED Flashlight,19.99,Venezuela
Tomato Basil Soup,3.49,Japan
Herb Drying Rack,22.99,Azerbaijan
Electric Heating Pad,20.99,Russia
Tropical Fruit Bowl,4.99,Sweden
Himalayan Pink Salt,1.99,Macedonia
Maple Cinnamon Almonds,4.29,Yemen
USB Wall Charger,19.99,Sweden
Peach Salsa,3.29,Serbia
Adjustable Resistance Bands,39.99,Zambia
Honey Garlic Sauce,2.59,United States
Spaghetti Squash,3.99,Colombia
Black Bean Salsa,3.49,Uruguay
Emergency Preparedness Kit,99.99,Senegal
Teriyaki Tofu Stir-Fry,7.49,Thailand
Eco-Friendly Notepad,8.99,El Salvador
Zucchini,0.79,China
Pet Hair Removal Brush,14.99,Japan
Garden Tool Belt,22.99,Ukraine
Ceramic Knife Set,39.99,Indonesia
Multifunctional Baby Bottle Warmer,39.99,Mexico
Dark Chocolate Tart,6.29,China
Chic Jumpsuit,89.99,Chile
Vegetable Broth,2.29,Bulgaria
Curried Lentil Salad,4.29,Colombia
Maple Cinnamon Granola,4.29,Estonia
Beef Stroganoff Mix,5.49,China
Quinoa & Black Bean Salad,7.49,Poland
Handmade Soap Making Kit,34.99,Botswana
Mango Salsa,3.49,Sweden
Smartphone Car Mount with Wireless Charging,39.99,Indonesia
Chocolate Hazelnut Granola,4.49,Iran
Whole Grain Mustard,3.49,Thailand
Pasta (Linguine),1.89,Nigeria
Herbal Tea Set,19.99,Brazil
Maple Cinnamon Granola Bars,3.49,Russia
Almond Flour Biscuits,6.49,China
Baby Monitor,79.99,Israel
Blackberry Jam,4.29,Paraguay
Portable Camping Shower,39.99,Iraq
Set of Silicone Baking Molds,15.99,Sweden
Car Windshield Sun Shade,19.99,Japan
Zesty Garlic Hummus,3.99,Japan
Multi-Functional Rice Cooker,49.99,Kazakhstan
Greek Feta Cheese,4.99,Mexico
Animal Paw Print Soap Dispenser,16.99,China
Fruit and Nut Energy Bites,2.99,China
Spicy BBQ Sauce,3.99,Philippines
Frozen Acai Bowl,6.49,Indonesia
Pasta Primavera,4.99,China
Over-Ear Headphones,59.99,Costa Rica
Travel Yoga Mat,34.99,Indonesia
Decorative Wall Tapestry,34.99,Brazil
Chocolate Chip Cookie Dough,5.49,Syria
Pumpkin Pie Spice,2.99,China
Terry Cloth Robe,59.99,Indonesia
Pleated Midi Dress,79.99,Brazil
Paint By Numbers Kit,24.99,Ivory Coast
Yoga Mat,25,Iran
Dark Chocolate Almond Butter Cups,4.99,Indonesia
French Onion Dip,2.99,Philippines
Premium Flashlight,19.99,China
Pet Carrier,39.99,Malta
Whisk Set,12.99,China
Rice Pilaf Mix,2.59,Indonesia
French Onion Dip,2.99,Venezuela
Green Tea Matcha Powder,15.99,Portugal
High-Speed HDMI Cable,12.99,Poland
Paint By Numbers Kit,24.99,France
Animal Paw Print Soap Dispenser,16.99,France
Vegetable Curry,5.99,Thailand
Dark Chocolate Covered Raisins,3.99,Poland
Cold Brew Coffee Maker,34.99,Poland
Spiced Pumpkin Soup,3.99,Ireland
Thai Green Curry Paste,2.49,China
Electric Toothbrush Holder,14.99,Indonesia
Camera Lens Cleaning Kit,14.99,Guatemala
Chicken Breasts,9.99,Uruguay
Almond Flour Cookies,4.99,Cuba
Grass Fed Beef Patties,9.99,Honduras
Portable Phone Charger,29.99,China
Peach Halves (canned),2.49,China
Tattoo Kit,99.99,China
Vegetable Sushi Rolls,5.99,Japan
Smart LED Desk Lamp,39.99,Paraguay
Self-Cleaning Water Bottle,49.99,Democratic Republic of the Congo
High-Speed HDMI Cable,12.99,Thailand
Miso Dressing,3.49,Mexico
Smart Plant Monitor,24.99,Portugal
Electric Hot Water Dispenser,59.99,Luxembourg
Chili Beans in Sauce,1.79,Canada
Beef Tacos,5.49,Paraguay
Beef Stroganoff Meal Kit,12.99,Russia
Portable Phone Charger,29.99,Tanzania
Oven-Baked Parmesan Zucchini,4.99,Armenia
Set of Decorative Storage Bins,34.99,Poland
Foot Massager,79.99,China
Quinoa Salad,5.99,United States
Two-Tier Fruit Basket,29.99,China
Compact Refrigerator,199.99,Mauritius
Nature Explorer Lens Kit,19.99,Tanzania
Taro Chips,3.59,Russia
Bamboo Cutting Board Set,34.99,China
Smart Plug,19.99,China
Frozen Mixed Berries,5.99,Peru
Savory Breakfast Sausage,6.49,Pakistan
Frozen Chicken Nuggets,4.49,China
Buffalo Chicken Wraps,5.99,China
Chocolate Almond Milk,2.79,China
Herbed Couscous,2.49,China
Coconut Lime Rice,2.99,Brazil
Creamy Garlic Dressing,3.99,Philippines
Chickpeas,1.29,Colombia
Personal Blender with Travel Cup,39.99,Colombia
Children's Gardening Set,19.99,Lithuania
Smart Thermostat with Wi-Fi,169.99,China
Black Bean & Corn Salad,3.99,Japan
Kid's Fruit Snacks,2.49,China
Banana Chips,1.99,France
Pumpkin Spice Cookies,3.29,Germany
Pet Activity Tracker,59.99,Sweden
Incense Holder,14.99,Nepal
Spicy Vegetable Sushi Rolls,8.49,Poland
Orange Ginger Vinaigrette,3.99,China
Cat Tree with Scratching Posts,79.99,Czech Republic
Blue Corn Tortilla Chips,3.49,Indonesia
Pet Leash,15.99,France
Multi-Port USB Hub,19.99,Indonesia
Motion Sensor Light,19.99,Samoa
Truffle Parmesan Fries,4.99,Philippines
Vegetable Spiralizer,19.99,China
Taro Chips,3.59,Netherlands
Plant Growing Kit,22.99,China
Wireless Car Charger,24.99,Russia
Bluetooth Shower Speaker,24.99,Azerbaijan
Magnetic Phone Case,19.99,Nigeria
Curried Lentil Salad,4.29,Equatorial Guinea
Cocktail Shaker and Mixing Glass Set,39.99,Aland Islands
Digital Photo Frame,79.99,China
Pesto Pasta Salad,4.99,Indonesia
Outdoor Inflatable Pool,149.99,France
Pepperoni Pizza Roll-Ups,5.99,Sweden
Hand Mixer,29.99,China
Kids' Outdoor Explorer Kit,24.99,Macedonia
Reversible Swimming Pool Lounger,34.99,China
Beef Enchilada Casserole,8.99,Estonia
Leek and Potato Soup,3.29,Brazil
Thai Red Curry Paste,3.99,Brazil
Ethical Wool Scarf,29.99,China
Basmati Rice,5.79,Peru
Dark Chocolate Covered Raisins,3.99,Philippines
Cinnamon Ice Cream,4.99,China
Travel Hair Straightener,29.99,Poland
Kombucha Drink,3.49,China
Travel Makeup Organizer,25.99,Portugal
Pumpkin Ice Cream,4.99,China
Stylish Wireless Earbuds,59.99,United States
Coconut Water,2.49,Peru
Peanut Butter Granola,4.99,China
Woven Storage Baskets,24.99,Indonesia
Jasmine Rice,2.39,Dominican Republic
Stainless Steel Water Bottle,25.99,China
Wildflower Honey,4.99,Panama
Pet Safety Belt for Car,14.99,Indonesia
Kids' Educational Tablet,129.99,China
Pet Nail Clipper,12.99,Israel
Magnetic Puzzle Board,24.99,Indonesia
Portable Air Purifier,69.99,France
Handheld Vacuum,79.99,United States
Pistachios,6.99,Russia
Collapsible Camping Cup,9.99,Indonesia
Chocolate Chip Cookie Mix,2.49,Philippines
Laptop Backpack,69.99,China
Wireless Car Charger,24.99,Montenegro
Apple Cinnamon Instant Oatmeal,3.49,Indonesia
USB Desk Fan,14.99,China
Foam Roller for Muscle Recovery,29.99,Philippines
Kale Salad Kit,4.99,Indonesia
Leather Notebook Cover,29.99,China
Savory Oats,2.49,Kazakhstan
Honey Ginger Tea,2.99,Honduras
Salt and Pepper Grinder Set,19.99,China
Ultraviolet Phone Sanitizer,39.99,China
Artisan Pickles,2.49,Gambia
Baking Soda,0.99,Indonesia
Hibiscus Tea Bags,3.79,China
Herb Seasoned Couscous,2.49,Indonesia
Apple Juice,3.29,China
Plaid Flannel Shirt,29.99,Russia
Almond Coconut Granola,3.99,China
Travel Jewelry Organizer,19.99,Iran
Honeycrisp Apples,1.89,Morocco
Spicy Roasted Nuts,4.99,Indonesia
Lemon Garlic Shrimp,8.99,Sweden
Kids' Learning Tablet,129.99,China
Peanut Butter Granola,4.99,Tanzania
Caramel Apple Taffy,1.99,China
Kids' STEM Robotics Kit,59.99,Colombia
Breathable Face Mask Set,14.99,Senegal
Vegetable Spiralizer,19.99,Thailand
Dark Chocolate Tart,6.29,China
Peach Green Tea,3.49,South Korea
Greek Yogurt Parfait,4.49,Mexico
Pasta (Fusilli),1.79,Panama
Oven-Baked Potato Chips,2.79,China
Honey Lemon Tea,3.29,Afghanistan
Poppy Seed Dressing,3.49,Bangladesh
Honey Mustard Pretzel Bites,3.99,Indonesia
Savory Oats,2.49,Czech Republic
Lightweight Backpacking Tent,129.99,China
Wireless Game Controller,39.99,Portugal
Kale Salad with Lemon Dressing,4.99,Serbia
Lasagna Noodles,1.89,Sri Lanka
Garlic Herb Grilled Chicken,8.99,Russia
Brown Rice,1.79,Indonesia
Tomatillo Salsa,3.29,China
Beef Taco Skillet,8.49,Indonesia
Sesame Noodles,5.99,France
Fruit Medley Juice,3.49,Argentina
Wine Decanter,34.99,China
Spicy Vegetable Sushi Rolls,8.49,Tanzania
Whole Grain Cereal,3.49,Brazil
Garlic Herb Seasoning,1.99,China
Cabbage,1.29,Russia
Coconut Chia Seed Pudding,2.99,Indonesia
Zucchini,0.79,United States
Camping Tarp,32.99,China
Honey Glazed Carrots,3.49,China
Heated Throw Blanket,49.99,Russia
Pet Safety Harness,24.99,Greece
Adjustable Stand for Tablets and Smartphones,19.99,Brazil
Harvest Grain Salad,5.49,Brazil
Portable Leaf Blower,149.99,Mali
Heated Throw Blanket,49.99,China
Mango Salsa,3.49,China
Fruit & Nut Trail Mix,4.99,China
Fresh Basil Pesto,4.79,Sweden
Electric Griddle with Lid,49.99,Vietnam
Magnetic Curtain Tiebacks,12.99,Indonesia
Face Mask Set,19.99,Ireland
Bock Beer Mustard,2.29,Finland
Utility Cargo Pants,54.99,Sweden
Portable Blender,30,China
Sea Salt Caramel Popcorn,3.99,France
Beef Stroganoff Mix,5.49,China
Pineapple Coconut Bars,3.79,China
Bluetooth Sleep Headphones,29.99,Nigeria
Fresh Cilantro,1.49,Vietnam
Smart Light Bulbs,34.99,Indonesia
Frozen Burritos,8.99,Portugal
Luxury Rolling Makeup Case,99.99,Nigeria
Digital Voice Recorder,49.99,Ghana
Microwave Popcorn Maker,19.99,China
Home Cleaning Robot,249.99,Russia
Essential Oils Diffuser Necklace,19.99,China
Cajun Seasoning,1.99,China
Foldable Yoga Mat Carry Bag,18.99,Haiti
Lightweight Rain Jacket,79.99,China
Portable Dog Water Bottle,18.99,Bolivia
Cereal Dispenser with Portion Control,24.99,China
Hot Dog Buns,2.49,China
Savory Quinoa Pudding,2.99,Czech Republic
Sushi Roll Kit,9.99,Indonesia
Compact Electric Kettle,29.99,China
Whisk Set,12.99,Norway
Lentil Soup (canned),1.99,Poland
Smartphone Photography Tripod,29.99,Brazil
Samoas Cookie Mix,5.59,Argentina
Vegetable and Cheese Quesadillas,6.99,Poland
Pumpkin Spice Creamer,3.79,China
Stainless Steel BBQ Grill Set,49.99,China
Baking Powder,1.79,Russia
Basil-infused Olive Oil,6.99,China
Italian Pasta,2.29,Greece
Silicone Baking Cups,10.99,Indonesia
Smartphone Tripod with Remote,29.99,Russia
Mesh Sports Leggings,39.99,Philippines
Travel Yoga Mat,34.99,Indonesia
Bamboo Cutting Board Set,34.99,Mexico
Fishing Tackle Box,24.99,Vietnam
Sliced Bread,2.99,Indonesia
Artisan Cornbread Mix,2.49,Russia
Greek Yogurt,1.99,Colombia
Pecan Nuts,6.49,Ireland
Bock Beer Mustard,2.29,Norway
Automatic Pet Feeder,69.99,China
Pesto Genovese,6.49,China
Crispy Chickpeas,2.99,Greece
French Onion Dip,2.99,Russia
Kids' Craft Supplies Set,24.99,China
Wireless Earbuds Case,12.99,Brazil
Portable Pet Pooper Scooper,12.99,China
Kombucha Drink,3.49,Russia
Satin Slip Dress,59.99,Colombia
Pasta (Fusilli),1.79,Russia
Wall Decals for Kids,24.99,Indonesia
Pineapple Rings,2.49,Vietnam
LED Flashlight,19.99,China
Beef Chili,4.5,China
Fitness Activity Journal,14.99,Iceland
Free-Range Eggs,3.99,Cuba
Corn Tortillas,2.49,Brazil
Turmeric Ginger Tea,3.29,Russia
Thai Red Curry Paste,3.99,Indonesia
Coconut Lime Rice,2.99,Indonesia
Ceramic Knife Set,39.99,China
Honey-Balsamic Vinaigrette,3.39,Philippines
Ultraviolet Phone Sanitizer,39.99,China
Travel Yoga Mat,34.99,China
Electric Griddle with Lid,49.99,Macedonia
Cranberry Almond Cookies,4.29,Colombia
Smart Thermostat with Wi-Fi,169.99,France
Chicken Fajita Kit,8.99,Croatia
Knitted Infinity Scarf,29.99,Nigeria
Zucchini Noodle Pasta,3.99,Gambia
Electric Razor,59.99,Peru
Portable Pet Stroller,89.99,United States
Canvas High-Top Sneakers,49.99,Russia
Indian Curry Sauce,3.69,Netherlands
Silicone Cooking Utensils Set,34.99,Macedonia
Fashionable Belt Bag,34.99,South Africa
Summer Tank Dress,39.99,Poland
Teriyaki Chicken Stir-Fry,6.99,Portugal
Terry Cloth Robe,59.99,Portugal
Kids' Gardening Kit,24.99,Brazil
Garden Tool Set with Carrying Bag,39.99,Russia
Luxury Bath Salts,19.99,Iran
Rolling Cooler,59.99,Colombia
Frozen Acai Bowl,6.49,Sweden
Fresh Strawberries,3.99,Japan
Orange Ginger Vinaigrette,3.99,Thailand
Pet Water Fountain with Filtration,39.99,Russia
Wireless HDMI Transmitter,79.99,Costa Rica
Toy Building Set,29.99,Poland
Vegetable Fried Rice Mix,3.99,Brazil
Adjustable Resistance Bands,39.99,China
Fitness Jump Rope with LCD Counter,15.99,Russia
Repair Tool Set for Home Improvement,29.99,Russia
Nutty Trail Mix,4.29,Bosnia and Herzegovina
Vegetable Spiralizer,19.99,France
Chocolate Mint Cookies,2.29,Indonesia
Under Desk Footrest,29.99,Philippines
Pet Water Bottle,18.99,Brazil
Maple Breakfast Sausage,5.99,China
Wireless Charger,24.99,Yemen
Curried Lentil Salad,4.29,Bangladesh
Spicy Snack Mix,4.99,China
Pepperoni Pizza Roll-Ups,5.99,China
Chili Garlic Sauce,2.49,Denmark
Spicy Garlic Edamame,3.99,Albania
Cacao Powder,4.49,New Zealand
Cinnamon Roll Protein Bar,2.99,Indonesia
Pecan Pie Filling,3.99,Philippines
Feta Cheese,4.99,China
Chili Beans (canned),1.69,Indonesia
Almond Joy Munch Bars,1.39,France
Roasted Chickpeas,2.99,China
Organic Coconut Oil,8.99,Ukraine
Brazil Nuts,10.99,Syria
Fishing Rod,49.99,Azerbaijan
Set of Silicone Cooking Utensils,29.99,Nigeria
Coconut Chia Seed Pudding,2.99,Nigeria
Sustainable Wooden Toys,29.99,Indonesia
Chickpea Salad Deluxe,4.29,Afghanistan
Herbed Couscous,2.49,Peru
Caramel Apple Taffy,1.99,United States
Mango Chunks,4.89,Armenia
Chiffon Blouse,39.99,Ukraine
Wireless Gaming Mouse,39.99,France
USB-C Hub,39.99,Russia
Cheddar Cheese Slices,3.49,Japan
Eco-Friendly Cleaning Cloths,12.99,Taiwan
Customizable Wall Calendar,24.99,Sweden
Potting Soil,15.99,China
Maple Almond Yogurt,1.89,Iran
Pecan Nuts,6.49,China
Veggie Chips Variety Pack,3.79,Argentina
Personal Blender with Cups,34.99,Saudi Arabia
Nutritional Yeast,3.59,China
Canned Sardines,3.29,North Korea
Gardening Tool Belt,22.99,Russia
Compressible Packing Cubes,29.99,Guinea
Pumpkin Spice Muffins,3.99,Portugal
Deep Tissue Massage Gun,89.99,Slovenia
Apple Sauce,2.19,Japan
Ice Cream Scoop,12.99,Sweden
Natural Soy Candles,19.99,Thailand
Baby Monitor,79.99,Poland
High-Pressure Handheld Shower Head,39.99,Vietnam
Electric Egg Cooker,29.99,China
Tattoo Kit,99.99,Portugal
Organic Honeycrisp Apples,1.99,China
Shower Curtain Hooks,12.99,Bahamas
Fishing Rod,49.99,Indonesia
Organic Quinoa,4.29,Zimbabwe
Insulated Wine Tote,24.99,China
Stuffed Peppers with Quinoa,7.99,Serbia
High-Low Hem Tee,22.99,China
Foot Massager Machine,59.99,Armenia
Water-Resistant Bluetooth Speaker,59.99,Indonesia
Cat Tree,99.99,Indonesia
Free-Range Eggs,3.99,France
3D Night Light,19.99,Indonesia
Digital Food Scale,22.99,South Africa
Chickpea Snack Mix,3.49,Indonesia
Stainless Steel BBQ Grill Set,49.99,Indonesia
Baby Safety Corner Guards,9.99,China
Coconut Flakes,3.29,United States
Spicy Chicken Wings,9.99,Bangladesh
Peach Halves (canned),2.49,Indonesia
Asian Stir-Fry Kit,5.49,Poland
Sliced Strawberries,4.99,Guatemala
Canned Sardines,3.29,Portugal
Garlic Naan Bread,3.99,Japan
Kid's Fruit Snacks,2.49,Haiti
Bicycle Repair Kit,14.99,Japan
Italian Sausage Links,5.99,Albania
Rechargeable Hand Warmer,22.99,Ireland
Canned Sardines,3.29,Russia
Buffalo Cauliflower Wings,6.99,Portugal
Dark Chocolate Bars,2.99,Portugal
Brown Sugar,1.79,Philippines
Vegetable Potstickers,5.99,Philippines
Mini Indoor Hydroponic Garden,59.99,Philippines
Self-Watering Planters,49.99,France
Zucchini,0.79,Argentina
Kettle Chip Variety Pack,3.99,China
Chunky Knit Sweater,59.99,Philippines
Snack Container Set,19.99,South Korea
Portable Solar Camp Shower,29.99,Philippines
Wireless Security Camera,109.99,China
Eco-Friendly Stainless Steel Straws,12.99,Argentina
Low-Fat Cottage Cheese,2.99,Malta
Corn Tortillas,2.49,China
Buffalo Wing Sauce,3.99,Ukraine
Chilli Lime Corn on the Cob,1.99,Czech Republic
Cinnamon Ice Cream,4.99,China
Chocolate Dipped Fruit,5.99,China
Crew Neck Sweater,39.99,Turkmenistan
Gluten-Free Pancake Mix,5.99,Argentina
Spaghetti and Meatball Dinner Kit,7.99,Russia
Ground Cinnamon,1.99,United States
Savory Snack Mix,4.49,Russia
Couscous Mix,2.49,Armenia
Smoked Salmon,14.99,Brazil
Tomato Basil Pasta Sauce,3.99,China
Luxury Rolling Makeup Case,99.99,Nigeria
Legging Pants,34.99,Nicaragua
Italian Herbal Seasoning,1.99,Denmark
Camping Chair with Cooler,49.99,Nigeria
Backpacking Tent,109.99,Russia
Blueberry Chia Jam,4.99,Brazil
Ricotta Cheese,4.99,Brazil
Smart Wi-Fi Light Bulbs,19.99,Estonia
Adjustable Kitchen Broom Stand,14.99,Bangladesh
Nutty Quinoa Salad,4.99,China
Portable Laptop Table,39.99,Canada
Stainless Steel Cutlery Set,29.99,Brazil
Smart Thermostat with Wi-Fi,169.99,Burundi
Fitness Balance Ball,24.99,China
Lightweight Rain Jacket,79.99,South Korea
Vegan Cheese,4.99,China
Chocolate Chip Pancake Mix,3.99,Poland
Fruit and Nut Medley,5.99,Afghanistan
Coconut Water,2.49,Argentina
Electric Griddle,54.99,China
Classic Black Dress,79.99,China
Tennis Racket,89.99,Vietnam
Classic Beef Chili,7.99,Uganda
Organic Coconut Yogurt,4.49,China
Ceramic Bakeware Set,49.99,Thailand
Raspberry Limeade,1.99,Russia
Sweet Potato & Kale Hash,5.49,China
Smartphone Tripod with Bluetooth Remote,29.99,Cameroon
Garden Tool Set,34.99,Indonesia
Curried Lentil Salad,4.29,Sweden
Thai Red Curry Paste,3.99,Indonesia
Roasted Red Pepper Sauce,3.29,United States
Kitchen Knife Sharpening System,39.99,Indonesia
Matcha Green Tea Powder,14.99,China
Casual Cropped Sweater,39.99,China
Buffalo Wing Sauce,3.99,Greece
Tabletop Fire Pit,79.99,Brazil
Chicken Fajita Kit,8.99,Peru
Free-Range Eggs,3.99,Indonesia
Almond Joy Snack Bars,2.99,China
Kids' Trampoline,139.99,Germany
Guitar Tuner,19.99,Zambia
Organic Coconut Water,2.79,Brazil
Body Wash,12.99,Philippines
Sesame Garlic Stir-Fry Sauce,2.79,United States
Digital Alarm Clock,19.99,Colombia
Cheddar & Bacon Potato Skins,7.49,Philippines
Chocolate Mint Thins,2.99,Philippines
Pistachios,6.99,Russia
Scent Diffuser,34.99,Bulgaria
Spicy Hummus,3.49,Slovenia
Creamy Coleslaw Mix,2.39,Oman
Cinnamon Sugar Popcorn,2.89,Portugal
LED Camping Lantern with USB Charging,34.99,Indonesia
Chili Garlic Sauce,2.49,Russia
LED Under Cabinet Lighting,29.99,Indonesia
Smart Plug,19.99,Ivory Coast
Lightweight Travel Backpack,39.99,France
Electric Fondue Pot,39.99,China
Cherry Almond Protein Bar,1.99,Brazil
Shoe Organizer,39.99,Brazil
Lightweight Travel Backpack,39.99,Russia
Wireless Game Controller,39.99,China
Hiking Boots,79.99,Latvia
Rustic Italian Breads,3.99,China
Pet Travel Carrier,39.99,Brazil
Stuffed Grape Leaves,5.79,China
Organic Granola Cereal,5.99,Nigeria
Hummus Variety Pack,5.99,Indonesia
Travel Shoe Bags Set,15.99,Armenia
Buffalo Wing Sauce,3.99,Indonesia
Carrot Ginger Soup,4.29,Sri Lanka
Baked Mac and Cheese,5.99,Argentina
Digital Wireless Camera,199.99,Brazil
Carrot Ginger Soup,4.29,Tunisia
Peanut Butter Cookies,3.49,China
Pumpkin Ice Cream,4.99,Myanmar
Reversible Swimming Pool Lounger,34.99,Nicaragua
Energy Protein Bars,2.29,Indonesia
Mushroom Soup (canned),2.49,Indonesia
Stainless Steel Mixing Bowls,29.99,Portugal
Portable Camping Shower,39.99,Croatia
Jump Rope with Counter,12.99,China
Electric Opener for Jars and Bottles,24.99,Japan
Kale and Quinoa Salad,6.49,Reunion
Pet Hair Removal Roller,10.99,Jordan
Gingerbread House Kit,6.99,French Southern Territories
Cacao Nibs,6.49,Haiti
Canned Black Beans,1.29,Ukraine
Mesh Sports Leggings,39.99,United Kingdom
Banana Nut Muffins,4.49,Brazil
Basil-infused Olive Oil,6.99,Indonesia
Teriyaki Chicken Skewers,8.99,Malaysia
Honey Mustard Pretzel Bites,3.99,Greece
Foldable Electric Scooter,349.99,Russia
Teriyaki Salmon Fillets,9.99,Indonesia
Window A/C Unit,299.99,Brazil
Teriyaki Chicken Bowl,6.49,China
Beef Chili,4.5,Nigeria
Backpacking Tent,109.99,China
Elegant Lace Dress,79.99,Russia
Pest Control Traps,22.99,Portugal
Scented Soy Candles,19.99,Thailand
Hiking Gaiters,29.99,Ukraine
Smart LED Desk Lamp,39.99,Indonesia
Collapsible Colander,14.99,South Africa
Ginger Turmeric Latte Mix,5.29,Canada
Personal Security Alarm Keychain,10.99,China
Safety Pin Dispenser,5.99,Indonesia
Sliced Olives,1.99,Brazil
Crew Neck Sweater,39.99,Russia
Vegetarian Sausage Links,5.89,Serbia
Crispy Chickpeas,2.99,Spain
Portable Pet Water Bottle,18.99,China
First Aid Kit,29.99,Portugal
Sliced Bell Peppers,3.99,Indonesia
Siphon Coffee Maker,49.99,China
Essential Oil Diffuser,34.99,China
Slim Fit Chinos,54.99,Kazakhstan
Smart Air Purifier,199.99,Indonesia
Golf Polo Shirt,39.99,Estonia
Non-Stick Baking Sheet,18.99,Japan
Maple Bacon Jerky,6.99,Indonesia
Crispy Potato Tots,3.69,China
Oven-Baked Parmesan Zucchini,4.99,China
Suede Ankle Booties,79.99,Russia
Potato Wedge Seasoning,2.49,Japan
Voice-Controlled Speaker,99.99,Indonesia
Pork Chops,9.49,United States
Lemon Garlic Marinade,4.29,United States
Folding Exercise Bike,199.99,Denmark
Tortilla Chips,2.99,Iran
Herb Seasoned Rice,2.99,Indonesia
Cherry Almond Protein Bar,1.99,France
Pet Safety Belt for Car,14.99,Pakistan
Spicy Tuna Rolls,6.49,Italy
Gluten-Free Bread,5.49,China
LED Camping Lantern with USB Charging,34.99,Belarus
Smart WiFi Plug,19.99,Spain
Children's Art Set,34.99,China
Organic Brown Sugar,2.49,Indonesia
Fleece Throw Blanket,29.99,Argentina
Tofu,2.49,China
Smartphone Holder for Car,14.99,Mauritius
Coconut Chia Pudding,3.49,Brazil
Heated Throw Blanket,49.99,China
Reversible Swimming Pool Lounger,34.99,Chile
Sushi Roll Kit,9.99,Peru
Training Soccer Ball,19.99,Indonesia
Portable Bluetooth Headphones,79.99,Russia
Tattoo Kit,99.99,United States
Blackberry Jam,4.29,Kosovo
Electric Air Pump,29.99,Mexico
Tomatillo Salsa,3.29,Finland
Classic Baseball Cap,24.99,Thailand
Ergonomic Gaming Chair,199.99,Ukraine
Cable Knit Cardigan,49.99,Brazil
Electric Heating Pad,20.99,Netherlands
White Rice,1.49,Philippines
Outdoor Adventure Kit,89.99,China
Hiking Water Bottle with Filter,29.99,China
Plant-Based Cookbook,29.99,Pakistan
Elderberry Syrup Kit,22.99,Canada
Buffalo Style Cauliflower Bites,5.49,Togo
Multifunctional Baby Bottle Warmer,39.99,United States
Non-Toxic Concrete Sealer,39.99,Indonesia
Organic Quinoa,4.29,China
Pizza Stone,29.99,Indonesia
Handcrafted Wooden Coasters,19.99,China
Avocado Oil Mayo,5.29,Libya
Chicken Salad Kit,5.99,China
Vegan Taco Seasoning,2.49,Belarus
BBQ Jackfruit,4.29,Albania
Cabbage,1.29,Czech Republic
Smartphone Stand,15.49,China
Radish Chips,2.89,China
Breezy Off-The-Shoulder Top,34.99,South Korea
Vegetable and Cheese Quesadillas,6.99,China
Pet Hair Remover,9.99,Portugal
Rechargeable Battery Organizer,17.99,China
Children's Backpack,29.99,Canada
Traditional Hummus,3.29,Philippines
Non-Stick Crepe Pan,29.99,Russia
Spicy Chicken Wings,9.99,Argentina
Organic Coconut Sugar,4.19,China
Air Fryer Oven,149.99,China
Spicy Hummus,3.49,China
Dog Training Collar,39.99,Slovenia
Mobile Workbench,199.99,Luxembourg
Electrolyte Water Bottle,34.99,Japan
Chickpea Salad,5.49,Eritrea
Saffron Rice Mix,2.99,Netherlands
Foot Spa Bath Massager,59.99,Philippines
Greek Yogurt Parfait,4.49,Indonesia
Herb-Infused Olive Oil,8.99,Burkina Faso
Vegan Taco Seasoning,2.49,China
Board Game Storage,19.99,Mali
LED Strip Lights with Remote Control,29.99,China
Orange Ginger Vinaigrette,3.99,Mongolia
Decorative Throw Blanket,39.99,Argentina
Electric Ice Cream Maker,59.99,China
Gluten-Free Pancake Mix,5.99,China
Smartphone Gimbal Stabilizer,89.99,China
Mango Chia Pudding,4.49,Philippines
Spinach and Cheese Stuffed Shells,5.99,China
Leather Wallet,49.99,Portugal
Basmati Rice,5.79,Poland
Ginger Snaps,2.79,Uzbekistan
Portable Campfire,39.99,Afghanistan
LED Strip Lights Kit,29.99,Indonesia
Teriyaki Tofu Stir-Fry,7.49,Indonesia
Turmeric Ginger Tea,3.29,Philippines
Throw Pillow Covers,22.99,Belarus
Cork Yoga Mat,39.99,Armenia
Vanilla Pudding Mix,1.29,Greece
Tomato Sauce,2.79,Bangladesh
Spaghetti Squash,3.99,Armenia
Honey Sriracha Chicken Bites,7.99,Norway
Pet Grooming Scissors,16.99,Brazil
Luxury Bath Robe,49.99,Mauritius
Electric Hot Pot,49.99,Japan
Sports Water Bottle with Infuser,19.99,Russia
Chili Lime Shrimp,8.99,Poland
Peach Slices in Syrup,2.59,China
Digital Wireless Camera,199.99,Marshall Islands
Children's Educational Puzzle,19.99,Yemen
Classic Cheesecake Mix,4.99,Norway
Spicy BBQ Sauce,3.99,China
Self-Adhesive Wallpaper,34.99,Japan
Beef Taco Skillet,8.49,Sweden
Sweet Potatoes,0.89,Russia
Shoe Organizer,39.99,Colombia
Inflatable Paddle Board,349.99,Russia
Pork Chops,9.49,South Korea
Wrist Support Brace,19.99,Malta
Frozen Salmon Filets,12.99,France
Trail Mix (Deluxe),4.59,French Polynesia
Wireless Music Receiver,19.99,Thailand
Spicy Snack Mix,4.99,Indonesia
Travel Laundry Bag,9.99,Paraguay
Lemon Dill Chicken Skewers,9.99,Canada
Essential Oils Diffuser Necklace,19.99,China
Beet Salad,3.99,Brazil
Chipotle Black Bean Salad,3.29,Japan
Puff Pastry,5.49,Japan
Adjustable Height Standing Desk Converter,89.99,Morocco
Chocolate Chip Energy Balls,3.99,China
Lemon Garlic Marinade,4.29,Belarus
Indian Curry Sauce,3.69,China
Chocolate Mint Thins,2.99,Japan
Portable Air Conditioner,299.99,Brazil
Cinnamon Ice Cream,4.99,France
Shredded Cheese,4.29,China
Organic Coconut Flour,5.49,Russia
Ice Cube Tray with Lid,10.99,Russia
LED Camping Lantern with USB Charging,34.99,Czech Republic
Adjustable Kitchen Broom Stand,14.99,Guatemala
Faux Leather Leggings,49.99,Bulgaria
Foot Spa Bath Massager,59.99,Indonesia
Honey Roasted Chickpeas,3.29,Indonesia
Strawberry Banana Smoothie Pack,4.99,Bulgaria
Smart Wi-Fi Camera,89.99,Indonesia
Eco-Friendly Notepad,8.99,China
Leather Notebook Cover,29.99,Indonesia
Honey Glazed Carrots,3.49,China
Bicycle Lock,29.99,Thailand
Electric Screwdriver,59.99,China
Tea Infuser,12.99,China
Smartphone Tripod with Remote,29.99,Czech Republic
Garlic Herb Seasoning,1.99,Latvia
Baby Safety Corner Guards,9.99,China
Tailored Blazer,99.99,France
Foldable Electric Scooter,349.99,Indonesia
Collapsible Pet Dog Bowl,9.99,Mongolia
Black Bean Salsa,3.49,Poland
Roasted Garlic Butter,3.29,Poland
Homestyle Chicken Noodle Soup,2.99,Argentina
Chiffon Blouse,39.99,China
Beet Salad,3.99,Uruguay
Classic Cheesecake Mix,4.99,Poland
Bamboo Utensil Holder,14.99,China
Vacuum Sealer Machine,89.99,United States
Frozen Vegetarian Pizza,6.49,United States
Vegetable Spring Rolls,6.49,New Zealand
Wall Decals for Kids,24.99,Bosnia and Herzegovina
Non-Toxic Crayons for Kids,10.99,France
Orange Ginger Vinaigrette,3.99,Ukraine
Heat-Resistant Silicone Mat,19.99,Philippines
Chicken Sausage,6.99,Brazil
Coconut Milk Yogurt,2.99,Canada
Ready-to-Eat Chili,2.99,Sweden
Heat-Resistant Silicone Mat,19.99,Finland
Men's Waterproof Hiking Boots,89.99,France
Jasmine Rice,2.39,China
Miso Dressing,3.49,Somalia
Dark Chocolate Almond Butter Cups,4.99,Indonesia
Organic Granola Cereal,5.99,Czech Republic
Kale Chips,3.99,Indonesia
Wireless Game Controller,39.99,Czech Republic
LED Strip Lights Kit,29.99,Russia
Cilantro Lime Rice,2.99,Panama
Breezy Off-The-Shoulder Top,34.99,Indonesia
Stainless Steel Travel Mug,19.99,Mongolia
Portable Hammock Swing,59.99,China
Deep Tissue Massage Gun,89.99,Nigeria
Avocado Oil,8.49,Greece
Wall-Mounted Spice Rack,39.99,Indonesia
Sports Bottle,15.99,Turkmenistan
Dog Training Clicker,5.99,Sweden
Spicy Kimchi,4.79,Indonesia
Organic Almonds,8.99,Brazil
Garlic Parmesan Roasted Nuts,4.89,China
Frozen Mixed Berries,5.99,United States
Artisan Cornbread Mix,2.49,China
Compact Hair Dryer,29.99,Samoa
Marinated Artichokes,3.79,Russia
Natural Soy Candles,19.99,Sweden
Oven-Baked Parmesan Zucchini,4.99,China
Ripped Boyfriend Jeans,54.99,Greece
Coconut Chips,3.59,Finland
Personalized Keychain,10.99,Russia
Peach Mango Smoothie Mix,5.99,China
Maple Breakfast Sausage,5.99,Palestinian Territory
Ricotta Cheese,4.99,Indonesia
Kids Tablet,129.99,Belarus
Chocolate Fudge Ice Cream,5.99,Malaysia
Compact Pop-Up Tent,69.99,Philippines
Baked Falafel,5.49,France
Raspberry Lemonade Mix,3.99,Sudan
Stainless Steel Water Pitcher,39.99,Portugal
Cat Tree with Scratching Posts,79.99,Cameroon
Portable Solar Camp Shower,29.99,China
Wireless Charging Pad,19.99,Ethiopia
Vegan Cheese,4.99,China
Rechargeable Battery Organizer,17.99,France
Chickpea Pasta,4.19,Japan
Camera Lens Cleaning Kit,14.99,United States
Pork Tenderloin,10.99,China
Collapsible Storage Crates,18.99,China
Linen Trousers,44.99,Russia
Organic Green Apples,1.49,Russia
Whole Roasted Chicken,9.99,Indonesia
Multi-Purpose Scissors,8.99,China
Ice Cream,5.99,Brazil
Electrolyte Water Bottle,34.99,Philippines
Thai Basil Fried Rice,5.99,China
Chickpea Salad,5.49,Sweden
Spaghetti Sauce,2.99,China
Yoga Strap,12.99,Philippines
Electric Heat Press Machine,99.99,China
Wireless HDMI Receiver,49.99,Finland
Pet Grooming Scissors,16.99,Philippines
A-Line Skirt,35.99,Brazil
Multicolored LED Strip Lights,29.99,Ethiopia
Sunflower Seeds,2.99,Brazil
Pet Training Clicker,5.99,Croatia
Digital Food Scale,22.99,Palestinian Territory
Bock Beer Mustard,2.29,France
Vintage Graphic Tee,25.99,Malaysia
Organic Granola Cereal,5.99,Sierra Leone
Saffron Rice Mix,2.99,China
Mediterranean Flatbread,3.5,Russia
Portable Charger with Solar Panel,45.99,China
Bicycle Repair Kit,14.99,China
Adjustable Kneeling Pad,18.99,Mexico
Portable Solar Camp Shower,29.99,Russia
Roasted Garlic Pasta Sauce,4.99,France
Fitness Jump Box,69.99,Philippines
Coconut Flakes,3.29,Burkina Faso
Desk Lamp with USB Port,29.99,Estonia
Scented Candle Set,24.99,United States
Black Bean Spaghetti,3.99,Russia
Lentil Soup,2.49,China
Plant-Based Cookbook,29.99,Russia
Organic Italian Seasoning,2.99,Madagascar
Smartphone Gimbal,89.99,Iraq
Sushi Roll Kit,9.99,Peru
Fitness Jump Rope,15.99,China
Telescope,159.99,United States
Mediterranean Chickpea Salad,5.99,Indonesia
Portable Refrigerator Freezer,299.99,Argentina
Self-Cleaning Cat Litter Box,199.99,Vietnam
Frozen Broccoli,2.49,Indonesia
Art Supplies Organizer,18.99,Serbia
Kale & Quinoa Salad Mix,4.49,Russia
Automatic Pet Feeder,69.99,Indonesia
Non-Stick Grill Mat,19.99,Philippines
Bluetooth Shower Speaker,24.99,Sweden
Chickpea Flour,3.29,Japan
Vegetable Chips,3.99,Poland
Wall Decals for Kids,24.99,Philippines
Motion Sensor Light,19.99,China
Coconut Cashew Yogurt,1.99,China
Crispy Rice Treats,3.5,France
Plant-Based Meal Prep Containers,18.99,Yemen
Organic Green Apples,1.49,Greece
Adjustable Kitchen Broom Stand,14.99,China
Coconut Cream Pie Mix,4.99,China
Beef Taco Skillet,8.49,China
Artisan Pickles,2.49,France
Vegan Protein Powder,34.99,Poland
Children's Art Set,34.99,Sweden
Kale Chips,3.99,China
Organic Black Rice,3.59,Russia
Multi-Layer Food Steamer,39.99,Indonesia
Non-Stick Grill Pan,39.99,Brazil
Hiking Boots,79.99,Colombia
Peas (frozen),1.89,Canada
Cauliflower Pizza Crust,5.99,China
Beef Stew Meat,5.99,Mongolia
Basil Pesto Pasta,6.49,China
Chicken Fajita Kit,8.99,Macedonia
Smart Light Switch,29.99,Syria
Basil Lemonade,2.99,Iran
Personal Blender with Cups,34.99,Cuba
Electric Griddle with Removable Plates,59.99,Indonesia
Adjustable Dog Harness,24.99,New Zealand
Coconut Bowls Set,22.99,China
Electric Toothbrush Holder,14.99,Finland
Vacuum Sealer Machine,89.99,Belgium
Savory Mushroom Risotto,6.49,Indonesia
Baked Mac and Cheese,5.99,Haiti
Essential Oils Diffuser Necklace,19.99,Poland
Coconut Water,2.49,China
Nutritional Yeast,3.59,Peru
Classic Watch,99.99,Guatemala
Ribbed Knit Dress,59.99,Chile
USB-C Hub,39.99,Kazakhstan
Lemon Herb Quinoa,3.49,Finland
LED Christmas Tree Lights,34.99,Indonesia
Canvas Wall Art,39.99,Poland
Non-Stick Grill Mat,19.99,France
Pressure Cooker,89,Colombia
Non-Stick Grill Pan,39.99,China
Zesty Garlic Marinade,4.49,Syria
Smartphone Gimbal Stabilizer,89.99,Nigeria
Woven Storage Baskets,24.99,Brazil
Almond Joy Bars,1.29,Netherlands
Wall-Mounted Wine Rack,39.99,Guatemala
Outdoor Fire Pit,149.99,United States
Herbed Goat Cheese,5.49,Peru
Maple Cinnamon Almonds,4.29,Brazil
Mobile Workbench,199.99,Serbia
Chic Ankle Strap Heels,69.99,China
Stainless Steel Water Pitcher,39.99,Japan
Frozen Burritos,8.99,Venezuela
Reusable Produce Bags Set,14.99,Russia
Kombucha Drink,3.49,China
Portable Air Pump,19.99,Portugal
Streaming Device,49.99,China
Baking Powder,1.79,Togo
Fashionable Scarves Set,24.99,Brazil
Men's Waterproof Hiking Boots,89.99,China
Electric Toothbrush Holder,14.99,Indonesia
Herbal Garden Starter Kit,24.99,Philippines
Spinach and Ricotta Ravioli,6.49,China
Basic V-Neck T-Shirt,19.99,Russia
Juice Extractor,99.99,Indonesia
Vintage Graphic Tee,25.99,Brazil
Electric Stool Heater,29.99,Peru
Electric Rice Cooker,39.99,France
Spicy Tuna Sushi Kit,8.99,Ivory Coast
Chocolate Dipped Fruit,5.99,Indonesia
Organic Coconut Flour,5.49,Colombia
Heavy Duty Gardening Tool Set,49.99,Afghanistan
Smart Home Hub,99.99,Indonesia
Pet Water Fountain,39.99,Brazil
Quinoa Salad,5.99,Indonesia
Oven-Baked Sweet Potato Fries,3.99,Poland
Multicolored LED Strip Lights,29.99,China
Fitness Smartwatch,99.99,China
Personal Blender,39.99,Indonesia
Relaxed Fit Henley Shirt,29.99,Kosovo
Pineapple Rings,2.49,Armenia
Teriyaki Beef Jerky,5.49,Russia
Bamboo Cutting Board Set,34.99,Portugal
Survival Gear Kit,59.99,Philippines
Cherry Almond Protein Bar,1.99,Kyrgyzstan
Inflatable Paddle Board,349.99,Brazil
Guitar Tuner,19.99,United States
Vegan Protein Powder,34.99,Azerbaijan
Pineapple Rings,2.49,China
Garden Hose Reel,49.99,China
Stuffed Grape Leaves,5.79,Poland
Fruit and Nut Bars,1.99,China
Garden Tool Set with Carrying Bag,39.99,France
Mediterranean Couscous,3.59,Cyprus
Pasta Maker,39,Iceland
Key Finder,19.99,China
Wild Rice & Quinoa Mix,2.99,Namibia
Strawberry Fruit Spread,3.59,China
Coconut Milk Ice Cream,6.99,China
Memory Foam Mattress Pad,69.99,United States
Canned Sardines,3.29,Portugal
Zucchini Noodle Pasta,3.99,Philippines
Peach Mango Smoothie,3.49,Ireland
Marinara Sauce,3.49,China
Kitchen Knife Sharpening System,39.99,Russia
Customizable Name Puzzle,29.99,Colombia
Crispy Potato Tots,3.69,Russia
Stuffed Grape Leaves,5.79,Czech Republic
Portable Phone Mug Holder,14.99,Equatorial Guinea
Garlic Butter Sauce,3.59,Portugal
Canned Black Beans,1.29,Peru
Glass Food Containers,34.99,Honduras
Karaoke Microphone,39.99,Colombia
Orange Ginger Vinaigrette,3.99,Argentina
Classic Leather Wallet,34.99,China
Skincare Fridge,39.99,Philippines
Wireless HDMI Receiver,49.99,Ukraine
Chili Garlic Sauce,2.49,Sweden
Teriyaki Salmon Fillets,9.99,Serbia
Printed Maxi Skirt,39.99,Serbia
LED Strip Lights,19.99,China
Active Racerback Tank,24.99,Iceland
Bluetooth Car Adapter,24.99,Azerbaijan
Smartphone Holder for Car,14.99,Sweden
Oven Mitts with Pocket,19.99,Cuba
Magic Color-Changing Mug,14.99,Indonesia
Kettle Corn Popcorn,2.99,Indonesia
Mobile Workbench,199.99,United States
Noise-Canceling Headphones,119.99,Moldova
Multi-Functional Rice Cooker,49.99,Armenia
Crispy Potato Tots,3.69,France
Gluten-Free Pancake Mix,5.99,United States
Grass Fed Beef Patties,9.99,Russia
Herb Seasoned Croutons,2.99,Argentina
Fire Roasted Salsa,2.49,Albania
Ankle Boots,89.99,Nigeria
Canvas Tote Bag,19.99,Brazil
Dark Chocolate Raisins,3.49,Nigeria
Mediterranean Olives,6.49,China
Gingerbread House Kit,6.99,Portugal
Smart Water Bottle,39.99,Canada
Pineapple Salsa,4.29,China
Honey Sesame Cashews,4.49,Argentina
Organic Coconut Yogurt,4.49,Croatia
Frozen Vegetarian Pizza,6.49,Russia
Adjustable Laptop Stand,29.99,China
e,0,Brazil
Angry Bird,12,Canada
angry bird,12,Canada
angry bird - NEW toy,12,Canada
<<<<<<< HEAD
test,34,Brazil
Testing,22,Argentina
cherry,33,South Korea
fruit,22,India
blah,88,Japan
bla,88,Japan
=======
bread,5,Canada
bread,5,Brazil
New Angry Birds Toy,12.5,Spain
something,10,Canada
>>>>>>> 54397da61da61b91de05fa6094831f1eb94044dc
title,22,South Korea
title,23,India
name,23,Vietnam
home,44,Argentina
post,33,Argentina
