Transaction ID,Date,Product Category,Product Name,Country
1,11/28/2026,Clothing - Accessories,Sporty Cap,China
2,6/24/2021,Kitchen,Electric Egg Cooker,Angola
3,12/21/2026,Food - Baking,Organic Almond Flour,Greece
4,1/6/2024,Kitchen,Waffle Maker,China
5,3/22/2023,Food - Frozen Foods,Frozen Burritos,Uganda
6,1/17/2020,Beauty,Body Wash,China
7,6/30/2026,Food - Meat,Oven-Baked Chicken Tenders,China
8,6/30/2026,Food - Prepared Foods,Vegetarian Stuffed Peppers,Russia
9,11/20/2022,Art Supplies,Watercolor Brush Pens,Greece
10,11/25/2025,Outdoor,Solar String Lights,Russia
11,12/25/2022,Food - Condiments,Peach Preserves,Kazakhstan
12,9/22/2024,Kitchen,Reusable Snack Bags,Vietnam
13,7/12/2020,Food - Canned Soups,Homestyle Beef Stew,China
14,11/5/2021,Food - Snacks,Honey Mustard Pretzel Bites,China
15,1/4/2021,Kitchen,Induction Cooktop,China
16,3/27/2021,Food - Condiments,Sriracha Chili Sauce,Indonesia
17,4/21/2023,Food - Prepared Foods,Stuffed Grape Leaves,China
18,6/11/2022,Toys,Creative Puzzle Game,China
19,4/10/2020,Art Supplies,Sculpting Kit,Greece
20,5/11/2023,Food - Meat,Maple Bacon Jerky,Uganda
21,7/19/2024,Pets,Pet Leash,Philippines
22,2/15/2026,Accessories,Trackpad for Laptop,Sweden
23,6/8/2026,Food - Soups,Miso Soup Starter,Indonesia
24,11/16/2023,Garden,Self-Watering Planters,Japan
25,1/3/2022,Clothing - Dresses,Party Mini Dress,China
26,8/24/2021,Outdoor,Portable Solar Camp Shower,Russia
27,6/28/2026,Apps,Digital Bullet Journal,China
28,6/15/2022,Pets,Pet Grooming Glove,Russia
29,12/4/2022,Food - Prepared Foods,Pasta Salad Kit,Indonesia
30,7/26/2023,Furniture,Adjustable Bar Stools,Japan
31,6/27/2025,Kitchen,Reusable Snack Bags,Vietnam
32,5/23/2021,Food - Frozen,Strawberry Banana Smoothie Pack,Russia
33,6/7/2026,Food - Seafood,Lemon Garlic Shrimp,France
34,1/8/2024,Food - Bakery,Garlic Naan Bread,Belarus
35,12/3/2025,Food - Condiments,BBQ Sauce,Belarus
36,11/10/2026,Food - Baked Goods,Brownie Bites,China
37,12/23/2024,Kitchen,Pasta Maker,Thailand
38,5/25/2020,Automotive,Portable Phone Mug Holder,Tanzania
39,4/12/2024,Food - Condiments,Classic Caesar Dressing,Portugal
40,11/4/2026,Outdoor,Outdoor Picnic Blanket,Czech Republic
41,6/26/2021,Food - Condiments,Olive Oil,Portugal
42,7/16/2020,Electronics,Video Camera,Russia
43,1/26/2022,Food - Salads,Curried Lentil Salad,France
44,8/7/2025,Electronics,Wireless Wi-Fi Extender,Iran
45,6/7/2022,Clothing - Outerwear,Leather Biker Jacket,Russia
46,1/11/2024,Kitchen,Stainless Steel Grater,China
47,7/2/2020,Books,Kids' Activity Book,United States
48,7/10/2021,Kitchen,Kitchen Scale,Tanzania
49,2/1/2022,Pets,Pet Travel Carrier,Colombia
50,2/22/2026,Food - Frozen Foods,Asian Stir-Fry Vegetables,Poland
51,8/23/2024,Food - Prepared Meals,Teriyaki Chicken Bowl,Indonesia
52,4/8/2021,Home,Mesh Laundry Bags Set,France
53,1/17/2026,Food - Condiments,Chipotle Lime Salsa,Sweden
54,12/9/2026,Electronics,Streaming Device,Portugal
55,12/21/2022,Crafts,Handmade Soap Making Kit,Libya
56,1/24/2026,Pets,Pet Travel Bowl,Brazil
57,1/4/2025,Outdoor,LED Canopy Lights,Ireland
58,4/19/2021,Food - Breakfast,Organic Whole Grain Oats,Brazil
59,5/15/2021,Food - Canned Goods,Chili Beans (canned),Nepal
60,7/17/2026,Kitchen,Hand Crank Blender,United States
61,8/6/2023,Kitchen,Snap-On Tupperware Set,Norway
62,5/9/2025,Home,USB Desk Fan,Ukraine
63,4/22/2020,Food - Snacks,Dark Chocolate Raisins,Philippines
64,3/8/2024,Food - Frozen,Strawberry Banana Smoothie Pack,Poland
65,10/12/2020,Outdoor,Camping Lantern,Poland
66,7/8/2023,Food - Beverages,Pumpkin Spice Coffee,Vietnam
67,1/18/2024,Food - Nut Butters,Maple Almond Butter,Russia
68,7/31/2023,Home,Faux Fur Throw Blanket,China
69,10/25/2022,Office,Safety Pin Dispenser,Tajikistan
70,6/8/2026,Garden,Adjustable Garden Rake,Peru
71,8/12/2024,Travel,Travel Shoe Bags Set,Russia
72,12/19/2021,Garden,Potting Soil,Brazil
73,7/13/2020,Pets,Collapsible Pet Dog Bowl,Ukraine
74,12/22/2020,Pets,Adjustable Pet Feeder,Madagascar
75,3/3/2025,Food - Canned Goods,Coconut Milk,Mozambique
76,11/9/2026,Food - Snacks,Kale Chips,China
77,12/11/2020,Food - Snacks,Maple Bacon Popcorn,Philippines
78,4/6/2023,Pets,Pet Grooming Glove,China
79,10/11/2022,Food - Meat,Maple Breakfast Sausage,Japan
80,7/5/2020,Food - Canned Goods,Lentil Soup (canned),Indonesia
81,8/4/2025,Food - Beverages,Cranberry Orange Juice,Japan
82,9/18/2025,Outdoor,Compact Pop-Up Tent,China
83,7/13/2023,Food - Bakery,Cranberry Almond Biscotti,Sierra Leone
84,12/29/2023,Food - Beverages,Basil Lemonade,Indonesia
85,9/25/2020,Food - Snacks,Chocolate Peanut Butter Cups,Colombia
86,11/2/2020,Food - Bakery,Peanut Butter Cookies,Philippines
87,11/11/2020,Food - Dairy,Pepper Jack Cheese Slices,Ukraine
88,2/2/2024,Clothing - Bottoms,Wrap Front Midi Skirt,United States
89,7/6/2026,Food - Produce,Fresh Cilantro,Thailand
90,11/23/2020,Food - Snacks,Peanut Butter Pretzel Nuggets,China
91,7/20/2026,Home,Canvas Wall Art,France
92,5/4/2022,Kitchen,Cooking Utensil Set,Indonesia
93,7/4/2022,Clothing - Skirts,Printed Maxi Skirt,Indonesia
94,12/27/2026,Food - Seafood,Teriyaki Salmon Fillets,Poland
95,6/23/2021,Home,Electric Stool Heater,Ukraine
96,3/25/2020,Garden,Garden Hose Reel,Canada
97,7/2/2020,Food - Snacks,Beef Jerky,Indonesia
98,1/16/2022,Electronics,Adjustable Stand for Tablets and Smartphones,Sweden
99,11/1/2022,Food,Home Brewing Starter Kit,France
100,3/10/2025,Electronics,Wireless Keyboard and Mouse Combo,Argentina
101,8/5/2024,Food - Meat,Maple Breakfast Sausage,China
102,3/30/2022,Food - Produce,Sweet Cherry Tomatoes,Russia
103,8/1/2023,Food - Pasta,Chickpea Pasta,Portugal
104,4/18/2026,Beauty,Electric Nail File Kit,Indonesia
105,3/5/2023,Food - Frozen Meals,Marinara Parmesan Baked Ziti,Sierra Leone
106,6/12/2020,Food - Bakery,Sea Salt Caramel Brownie,Indonesia
107,11/15/2023,Food - Prepared Foods,Maple Glazed Carrots,Botswana
108,4/13/2021,Smart Home,Smart WiFi Plug,Russia
109,9/9/2024,Food - Spices,Chili Lime Seasoning,China
110,4/9/2023,Food - Bakery,French Bread,Portugal
111,7/5/2021,Accessories,Key Finder,Portugal
112,6/27/2024,Photography,Smartphone Tripod with Bluetooth Remote,Slovenia
113,1/9/2026,Home,LED Strip Lights with Remote Control,Netherlands
114,1/7/2025,Fitness,Smart Fitness Scale,Nigeria
115,6/25/2025,Food - Bakery,Chocolate Chip Muffins,Philippines
116,1/30/2022,Fitness,Yoga Wheel,Greece
117,2/2/2021,Outdoor,Rolling Cooler,Indonesia
118,8/27/2023,Food - Beverages,Peanut Butter Banana Smoothie,Vietnam
119,7/2/2022,Food - Condiments,Pineapple Salsa,Thailand
120,6/18/2025,Food - Dairy,Pineapple Coconut Yogurt,Honduras
121,11/9/2026,Fitness,Yoga Blocks,Indonesia
122,8/2/2020,Food - Snacks,Honey Wheat Pretzels,Moldova
123,2/26/2022,Food - Snacks,Tropical Fruit Bowl,Colombia
124,10/13/2023,Food - Seafood,Frozen Salmon Filets,Sweden
125,1/31/2023,Food - Frozen Meals,Vegetable Quinoa Bowl,Philippines
126,7/2/2026,Health,Essential Oils Diffuser Necklace,Micronesia
127,12/18/2023,Food - Prepared Foods,Stuffed Grape Leaves,China
128,11/5/2022,Food - Snacks,Granola Bars,Poland
129,5/19/2020,Kitchen,Dishwasher Safe Cutting Board,Norway
130,12/12/2022,Audio,Over-Ear Headphones,Indonesia
131,1/13/2026,Food - Baking Goods,Organic Whole Wheat Flour,Indonesia
132,5/6/2026,Food - Frozen Foods,Pasta Primavera,Russia
133,11/17/2025,Fitness,Collapsible Water Bottle,Poland
134,1/31/2026,Health,Bamboo Toothbrush Holder,Russia
135,10/1/2020,Kitchen,Reusable Coffee Filter,Czech Republic
136,1/28/2023,Outdoor,Tabletop Fire Pit,China
137,7/22/2020,Outdoor,Portable Solar Camp Shower,China
138,10/30/2021,Garden,Multi-Purpose Plant Care Tool,China
139,12/14/2024,Electronics,Portable USB-C Monitor,Brazil
140,1/9/2024,Food - Condiments,Sweet BBQ Dipping Sauce,Russia
141,3/16/2025,Food - Meat,Herbed Chicken Breast,Brazil
142,9/25/2023,Kitchen,Handmade Wooden Utensil Set,Indonesia
143,9/8/2025,Health,Wrist Support Brace,Indonesia
144,7/7/2025,Food - Frozen Meals,Chicken Parmesan Dinner Kit,Indonesia
145,10/3/2023,Kitchen,Electric Hot Pot,Nepal
146,10/19/2022,Food - Condiments,Potato Wedge Seasoning,Philippines
147,5/4/2020,Accessories,Wireless Earbuds Case,Brazil
148,4/23/2024,Garden,Gardening Gloves,China
149,4/3/2026,Home,Heated Throw Blanket,Tunisia
150,10/26/2024,Food - Breakfast,Buttermilk Pancakes,Philippines
151,4/29/2021,Accessories,Smartphone Stand,Brazil
152,12/16/2026,Accessories,Rechargeable Hand Warmer,Portugal
153,2/12/2025,Food - Prepared Foods,Pasta Salad Kit,Indonesia
154,5/14/2026,Kitchen,Electric Opener for Jars and Bottles,Philippines
155,12/29/2020,Food - Bakery,Classic Bagels,France
156,6/21/2024,Outdoor,Electric Air Pump,China
157,9/3/2023,Electronics,Wireless Induction Charger,Jordan
158,9/27/2021,Food - Frozen,Frozen Mixed Vegetables,Haiti
159,11/20/2025,Kitchen,Electric Kettle,Sierra Leone
160,1/1/2020,Food - Canned Goods,Classic Beef Chili,China
161,1/26/2023,Food - Breakfast,Maple Pecan Pancake Mix,Thailand
162,2/6/2026,Food - Dairy,Greek Yogurt Parfait,Philippines
163,8/5/2023,Food - Frozen Foods,Sweet Potato Mash,Indonesia
164,9/21/2021,Food - Breakfast,Pumpkin Pancake Mix,Norway
165,5/8/2026,Kitchen,Bamboo Cutting Board Set,Haiti
166,1/12/2021,Kitchen,Induction Cooktop,Tuvalu
167,8/20/2020,Food - Frozen Meals,Chicken Parmesan Dinner Kit,Christmas Island
168,9/13/2025,Fitness,Insulated Sport Tumbler,Russia
169,8/15/2023,Fitness,Adjustable Yoga Mat Strap,Portugal
170,12/25/2021,Food - Confectionery,Coconut Macaroons,Palestinian Territory
171,4/10/2026,Accessories,Wireless Earbuds Case,Russia
172,11/26/2022,Food - Snacks,Veggie Chips Variety Pack,China
173,10/1/2024,Food - Nuts,Walnut Halves,Indonesia
174,10/5/2020,Food - Dairy,Pineapple Coconut Yogurt,Belarus
175,11/22/2026,Office,Colorful Post-It Notes Set,Czech Republic
176,11/23/2022,Kitchen,Oven Mitts,Honduras
177,2/15/2023,Food - Condiments,Chipotle Sauce,Colombia
178,3/19/2023,Food - Meat,Beef Sirloin Steak,France
179,7/15/2023,Home,Self-Adhesive Wallpaper,Latvia
180,7/22/2025,Food - Snacks,Trail Mix (Deluxe),Thailand
181,3/13/2022,Food - Bakery,Cinnamon Roll Dough,China
182,7/26/2026,Food - Prepared Foods,Beet Salad,Indonesia
183,6/30/2021,Office,Safety Pin Dispenser,United States
184,12/18/2020,Office,Portable Laptop Table,Poland
185,10/29/2025,Home,Window Blinds,Portugal
186,7/3/2022,Food - Soups,Spicy Thai Coconut Soup,Nigeria
187,4/17/2023,Food - Grains,Jasmine Rice,Sudan
188,11/18/2023,Food - Meats,Classic Cheeseburger Mix,Indonesia
189,8/30/2021,Pets,Dog Car Seat Cover,China
190,5/22/2023,Food - Meats,Whole Roasted Chicken,Ukraine
191,8/11/2023,Kitchen,Silicone Baking Mat,Peru
192,5/3/2021,Kitchen,High-Speed Hand Blender,France
193,5/7/2025,Home,Luminous Night Light,Indonesia
194,11/20/2026,Food - Bakery,Hot Dog Buns,Russia
195,3/31/2026,Food - Snacks,Almond Butter Cookies,Malta
196,4/3/2024,Food - Snacks,Spinach Artichoke Dip,Ukraine
197,12/3/2025,Food - Breakfast,Banana Nut Oatmeal Cups,Czech Republic
198,6/22/2024,Food - Frozen Foods,Frozen Berry Blend,Italy
199,10/9/2023,Home,Ceramic Planter Set,China
200,5/22/2026,Food - Snacks,Almond Joy Munch Bars,Portugal
201,4/18/2026,Home,Shoe Organizer,Indonesia
202,12/21/2020,Food - Meat,Honey BBQ Riblets,Indonesia
203,6/12/2020,Toys,Children's Science Experiment Lab Kit,Indonesia
204,4/12/2026,Home,Over-the-Door Hooks,China
205,11/11/2022,Food - Breakfast,Cranberry Orange Oatmeal,Russia
206,10/27/2020,Food - Baking,Organic Coconut Flakes,Greece
207,9/25/2020,Accessories,Phone Screen Protector,Israel
208,10/1/2020,Kitchen,Multi-Cooker,Brazil
209,10/5/2021,Food - Canned Goods,Lentil Soup,Ukraine
210,1/15/2020,Food - Dips,Traditional Hummus,United States
211,1/16/2022,Food - Condiments,Herb Garlic Butter,China
212,3/3/2025,Home,Luxury Memory Foam Mattress Topper,El Salvador
213,12/15/2022,Food - Frozen Desserts,Mint Chocolate Chip Ice Cream,Afghanistan
214,6/26/2023,Health,Essential Oil Diffuser,Sweden
215,8/29/2022,Food - Cooking Essentials,Vegetable Stock,Indonesia
216,7/19/2026,Food - Snacks,Coconut Granola,Indonesia
217,12/6/2020,Food - Snacks,Peanut Butter Protein Balls,Albania
218,10/13/2020,Outdoor,Portable Charcoal Grill,Thailand
219,1/10/2024,Food - Baking Goods,Sweetened Condensed Milk,Greece
220,8/7/2023,Garden,Herb Garden Planter Box,Paraguay
221,12/13/2021,Food - Canned Goods,Tuscan Bean Soup,China
222,5/1/2022,Food - Nuts,Sunflower Seeds,Indonesia
223,7/14/2025,Food - Meat,Italian Meatballs,China
224,2/12/2020,Garden,Heavy Duty Gardening Tool Set,Portugal
225,7/9/2022,Food - Cereals,Chocolate Coconut Granola,China
226,3/17/2023,Food - Prepared Meals,Buffalo Chicken Wraps,Mali
227,4/6/2025,Food - Grains,Wild Rice Pilaf,Czech Republic
228,6/19/2020,Fitness,Foldable Yoga Mat Carry Bag,Indonesia
229,11/17/2020,Garden,Garden Hoses with Expandable Features,China
230,3/12/2025,Food - Freezer,Buffalo Cauliflower Bites,Ukraine
231,12/2/2020,Food - Baking,Chocolate Chip Cookie Mix,Indonesia
232,4/2/2023,Fitness,Foam Muscle Roller,Thailand
233,4/13/2020,Food - Frozen Meals,Spicy Thai Noodles,Sudan
234,7/12/2026,Home,Decorative Throw Blanket,France
235,4/15/2020,Food - Canned Goods,Pumpkin Puree,Russia
236,3/5/2020,Clothing - Sweaters,Crew Neck Sweater,Botswana
237,5/7/2022,Kitchen,Ceramic Cookware Set,Zimbabwe
238,10/12/2021,Fitness,Folding Exercise Bike,Tunisia
239,12/21/2025,Office,Sturdy Bookends,France
240,10/10/2024,Food - Frozen Foods,Sweet Potato Mash,Albania
241,8/15/2020,Food - Baking Goods,Sweetened Condensed Milk,Syria
242,4/7/2020,Food - Prepared Meals,Spicy Tuna Sushi Kit,Macedonia
243,5/5/2022,Kitchen,Tea Infuser Bottle,Honduras
244,4/12/2020,Pets,Cat Tree,Portugal
245,12/10/2023,Food - Frozen,Vegan Mac & Cheese,Canada
246,6/15/2023,Food - Produce,Sliced Cucumbers,Poland
247,12/21/2026,Pets,Pet Safety Belt for Car,China
248,1/9/2025,Garden,Smart Plant Monitor,Philippines
249,3/26/2024,Food - Snacks,Honeycrisp Apple Chips,Thailand
250,5/21/2024,Food - Dips,Roasted Red Pepper Hummus,China
251,7/4/2025,Food - Snacks,Savory Trail Mix,Brazil
252,7/25/2021,Food - Soups,Butternut Squash Soup,Bosnia and Herzegovina
253,2/4/2023,Food - Snacks,Honey Wheat Pretzels,Brazil
254,5/12/2026,Food - Prepared Meals,Lentil Vegetable Curry,Czech Republic
255,10/7/2020,Photography,Smartphone Gimbal Stabilizer,Norway
256,11/25/2025,Fitness,Water Bottle,China
257,4/9/2021,Kitchen,Manual Coffee Grinder,Japan
258,7/10/2024,Food - Condiments,Peanut Butter,China
259,4/25/2022,Fitness,Adjustable Dumbbells,Russia
260,10/1/2026,Pets,Automatic Pet Feeder,Sweden
261,5/28/2026,Office,Portable Laptop Table,China
262,11/8/2023,Food - Condiments,Thai Coconut Curry Sauce,Poland
263,7/5/2021,Clothing - Dresses,Classic Black Dress,China
264,1/27/2023,Food - Beverages,Ginger Turmeric Latte Mix,Chile
265,1/7/2026,Food - Salads,Pear and Gorgonzola Salad,Ukraine
266,12/17/2021,Food - Grains,Wild Rice & Quinoa Mix,Portugal
267,5/11/2020,Fitness,Fitness Tracker,China
268,1/19/2024,Food - Cheese,Herbed Goat Cheese,Russia
269,8/12/2020,Outdoor,Portable Folding Picnic Table,United Kingdom
270,9/21/2024,Tools,Repair Tool Set for Home Improvement,Serbia
271,10/23/2026,Office,Sturdy Bookends,Pakistan
272,8/8/2022,Kitchen,Heat-Resistant Silicone Mat,Czech Republic
273,12/6/2026,Pets,Cat Tree with Scratching Posts,Thailand
274,9/3/2022,Food - Frozen Food,Vegetable Potstickers,Japan
275,8/26/2024,Food - Snacks,Sweet Potato Chips,Ukraine
276,7/20/2022,Outdoor,Outdoor Mosquito Repellent Lantern,France
277,1/4/2021,Safety,Personal Security Alarm Keychain,Brazil
278,12/11/2022,Food - Meat,Honey BBQ Ribs,Palestinian Territory
279,10/21/2026,Food - Sauces,Thai Green Curry Paste,China
280,12/24/2023,Clothing - Tops,Chunky Knit Sweater,U.S. Virgin Islands
281,10/27/2025,Pets,Personalized Pet ID Tags,China
282,1/11/2021,Food - Canned Goods,Tomato Basil Soup,Indonesia
283,3/8/2022,Home Appliances,Stick Vacuums Cleaner,China
284,9/9/2026,Accessories,Heavy-Duty Utility Tote,Indonesia
285,8/6/2024,Beauty,Jennifer's Amazing Lip Balm Kit,Brazil
286,7/3/2022,Bicycles,Bike Helmet,Ireland
287,5/20/2026,Food - Frozen,Frozen Acai Purée,Japan
288,5/25/2021,Food - Snacks,Beef Jerky,Ukraine
289,10/14/2025,Office,Adjustable Standing Desk,Indonesia
290,11/15/2022,Food - Soups,Miso Soup Mix,Philippines
291,11/15/2021,Food - Frozen Desserts,Cinnamon Ice Cream,China
292,7/26/2022,Food - Canned Goods,Coconut Curry Lentil Soup,Armenia
293,11/1/2022,Food - Condiments,Organic Tomato Ketchup,Portugal
294,10/17/2026,Food - Sauces,Lemon Basil Pasta Sauce,Chad
295,7/4/2020,Food - Condiments,Apricot Jam,Philippines
296,11/17/2021,Automotive,Motorcycle Phone Mount,Russia
297,11/14/2021,Clothing - Pants,Faux Leather Leggings,Ireland
298,3/2/2023,Food - Soups,Classic Minestrone Soup,Canada
299,11/22/2021,Kitchen,Glass Tea Pot,Colombia
300,6/15/2021,Health,Foot Massager Machine,China
301,12/30/2021,Food - Dairy,Garlic & Herb Goat Cheese,Panama
302,5/17/2021,Food - Frozen Meals,Chicken Parmesan Dinner Kit,Russia
303,4/16/2022,Kitchen,Indoor Grill,Philippines
304,12/3/2026,Automotive,Portable Phone Mug Holder,Indonesia
305,1/2/2020,Kitchen,Oven Mitts,Venezuela
306,8/30/2020,Food - Sauces,Vegan Alfredo Sauce,Indonesia
307,11/18/2025,Food - Canned Goods,Garden Vegetable Soup,Luxembourg
308,5/31/2020,Kitchen,Tea Infuser Bottle,China
309,3/5/2026,Kitchen,Electric Ice Cream Maker,Paraguay
310,11/30/2025,Travel,Lightweight Travel Backpack,Vietnam
311,5/5/2024,Food - Frozen Meals,Vegetable Quinoa Bowl,Indonesia
312,5/11/2021,Food - Grains,Cilantro Lime Rice,China
313,4/19/2025,Clothing - Sweaters,Casual Cropped Sweater,China
314,7/28/2023,Outdoor,Survival Gear Kit,Guatemala
315,5/19/2025,Kitchen,Ice Cream Maker,France
316,6/16/2023,Toys,Puzzle Game Set,Kazakhstan
317,10/24/2022,Food - Frozen,Chickpea Pancakes,France
318,1/31/2025,Food - Snacks,Caramelized Onion Dip Mix,Czech Republic
319,6/3/2024,Food - Pasta,Black Bean Spaghetti,United States
320,5/12/2024,Home,LED Under Cabinet Lighting,Uruguay
321,3/23/2024,Kitchen,Pressure Cooker,Indonesia
322,9/9/2026,Kitchen,Cocktail Shaker and Mixing Glass Set,Philippines
323,11/24/2026,Food - Canned Goods,Cinnamon Apple Sauce,Philippines
324,2/2/2024,Food - Frozen Meals,Vegetable Quinoa Bowl,Luxembourg
325,1/15/2024,Food - Fresh Produce,Organic Baby Carrots,China
326,8/7/2022,Toys,Board Game Storage,Yemen
327,2/14/2025,Outdoor,Survival Gear Kit,Vietnam
328,10/13/2021,Pets,Pet Waterer with Filtration,Poland
329,1/27/2025,Food - Pasta,Ramen Noodles,France
330,8/12/2026,Food - Snacks,Tropical Fruit Bowl,France
331,12/29/2022,Bicycles,Bike Helmet,Greece
332,9/8/2023,Home,Adjustable Kitchen Broom Stand,Russia
333,10/16/2024,Food - Canned Goods,Chili Beans in Sauce,Syria
334,7/15/2021,Audio,Noise-Canceling Headphones,Iran
335,3/4/2020,Food - Fresh Produce,Thyme,Guatemala
336,10/18/2020,Food - Fresh Produce,Sliced Bell Peppers,Russia
337,3/15/2024,Outdoor,Portable Hammock with Stand,Czech Republic
338,7/31/2026,Bathroom,Thermostatic Shower Valve Kit,China
339,7/11/2022,Kitchen,Electric Meat Grinder,Nigeria
340,4/21/2024,Electronics,Wireless Induction Charger,Poland
341,2/18/2022,Kitchen,Self-Stirring Mug,China
342,9/9/2023,Food - Bakery,French Bread,Indonesia
343,1/6/2024,Food - Frozen Foods,Cauliflower Gnocchi,Dominican Republic
344,3/14/2026,Health,Weighted Blanket,Nigeria
345,5/19/2025,Home,USB Desk Fan,Indonesia
346,6/19/2026,Travel,Lightweight Travel Backpack,India
347,6/5/2024,Outdoor,Outdoor Camping Hammock,China
348,5/11/2021,Outdoor,Hiking Gaiters,Russia
349,4/18/2020,Outdoor,Bird Feeder,Uruguay
350,6/26/2026,Clothing - Outerwear,Lightweight Rain Jacket,Lesotho
351,7/3/2026,Beauty,Electric Nail File Kit,China
352,3/23/2023,Home Appliances,Robot Vacuum Cleaner,Russia
353,7/14/2025,Food - Meats,Savory Breakfast Sausage,Portugal
354,10/22/2024,Accessories,Handmade Leather Wallet,China
355,8/1/2025,Office,LED Desk Lamp with USB Charging Port,Philippines
356,6/26/2025,Food - Grains,Italian Pasta,Iran
357,10/6/2024,Food - Snacks,Mini Pretzels,China
358,3/25/2024,Food - Snacks,Pepper Jack Cheese Sticks,Indonesia
359,9/6/2023,Pets,Pet Waterer with Filtration,Ukraine
360,5/31/2021,Kitchen,Portable Ice Maker,China
361,11/25/2024,Kitchen,Heat-Resistant Silicone Mat,Finland
362,3/23/2020,Kitchen,Manual Coffee Grinder,Peru
363,3/14/2023,Food - Snacks,Vegetable Chips,Indonesia
364,4/2/2020,Food - Fruits,Organic Honeycrisp Apples,China
365,10/12/2026,Food - Dairy,Maple Almond Yogurt,China
366,3/14/2025,Food - Spices,Steak Seasoning Rub,Sweden
367,11/19/2021,Food - Breakfast,Organic Whole Grain Oats,Uganda
368,9/5/2026,Kitchen,Multi-Functional Rice Cooker,China
369,10/21/2025,Baby,Multifunctional Baby Bottle Warmer,China
370,10/4/2024,Food - Seafood,Teriyaki Salmon Fillets,Kenya
371,6/11/2022,Food - Frozen Foods,Organic Black Bean Burger,Guatemala
372,10/24/2022,Food - Oils & Vinegars,Sesame Oil,China
373,11/12/2025,Fitness,Sports Water Bottle with Infuser,Indonesia
374,10/12/2020,Food - Canned Goods,Classic Beef Chili,France
375,6/20/2021,Clothing - Bottoms,High-Waisted Skirt,Sweden
376,6/1/2023,Toys,Children's Science Experiment Lab Kit,Montenegro
377,10/4/2021,Bathroom,High-Pressure Handheld Shower Head,China
378,11/10/2024,Kitchen,Electric Stir Fry Pan,Russia
379,11/10/2024,Travel,Compressible Packing Cubes,Indonesia
380,5/1/2024,Pets,Pet Training Pads,Palestinian Territory
381,1/22/2025,Kitchen,Eco-Friendly Disposable Plates,Russia
382,8/9/2025,Food - Meal Kits,Beef Stroganoff Mix,Lebanon
383,10/12/2026,Food - Vegetables,Cabbage Slaw Mix,Brazil
384,1/14/2024,Home,Decorative LED Neon Sign,China
385,7/19/2024,Kitchen,Vegetable Spiralizer,China
386,10/5/2023,Outdoor,Camping Lantern,Macedonia
387,5/14/2023,Food - Sauces,Pasta Sauce Mix,Colombia
388,10/31/2021,Food - Snacks,Kid's Fruit Snacks,Yemen
389,11/13/2024,Kitchen,Ice Cream Scoop,Chile
390,2/6/2020,Food - Dairy,Peach Yogurt,Canada
391,5/18/2023,Food - Frozen Meals,Vegetable Quinoa Bowl,Costa Rica
392,1/17/2026,Food - Spices,Garlic and Herb Rub,Poland
393,3/21/2026,Food - Grains,Saffron Rice Mix,Vietnam
394,4/8/2021,Outdoor,Compact Pop-Up Tent,Portugal
395,10/29/2026,Food - Supplements,Elderberry Syrup,China
396,9/3/2022,Food - Condiments,Wildflower Honey,Indonesia
397,7/11/2025,Food - Breakfast,Pumpkin Spice Pancake Mix,Bosnia and Herzegovina
398,4/29/2023,Food - Pasta,Red Lentil Pasta,China
399,8/5/2026,Computers,USB-C Hub,Panama
400,8/13/2023,Electronics,High-Speed HDMI Cable,Faroe Islands
401,11/6/2020,Home,Scented Candle Set,Albania
402,11/11/2023,Photography,Camera Lens Cleaning Kit,China
403,5/11/2020,Food - Prepared Meals,Fettuccine Alfredo Dinner Kit,Indonesia
404,1/31/2023,Pets,Pet Training Clicker,China
405,4/27/2026,Food - Condiments,Chipotle Lime Salsa,Nigeria
406,4/7/2020,Toys,Interactive Robot Toy,Indonesia
407,3/12/2020,Food - Baking,Chocolate Fudge Brownie Mix,Gambia
408,12/23/2022,Pets,Dog Car Seat Cover,China
409,5/20/2022,Pets,Pet Bed with Removable Cover,China
410,4/27/2024,Kitchen,Digital Kitchen Timer,Indonesia
411,12/25/2026,Kitchen,Pasta Maker,Japan
412,11/4/2024,Clothing - Tops,Bamboo Cotton Tank Top,Portugal
413,10/27/2026,Food - Salads,Kale Caesar Salad Kit,Madagascar
414,7/20/2026,Food - Condiments,Sriracha Chili Sauce,Argentina
415,4/13/2024,Automotive,Portable Air Compressor,France
416,3/4/2020,Clothing - Footwear,Waterproof Rain Boots,Portugal
417,11/12/2026,Automotive,Car Phone Mount,Thailand
418,2/4/2024,Food - Frozen Foods,Berry Smoothie Mix,Thailand
419,6/3/2021,Food - Grains,Wild Rice Pilaf,Vietnam
420,7/18/2021,Food - Produce,Sliced Avocado,Indonesia
421,10/23/2023,Food - Snacks,Honey Roasted Almonds,Peru
422,5/15/2026,Home,Cotton Quilted Throw Blanket,Portugal
423,9/3/2026,Kitchen,Personalized Cutting Board,United Kingdom
424,11/9/2023,Fitness,High-Quality Yoga Block,Croatia
425,5/20/2025,Food - Frozen,Vegetable Korma,China
426,7/4/2026,Safety,Reflective Safety Vest,Greece
427,6/30/2023,Food - Spices,Chili Lime Seasoning,Japan
428,2/14/2022,Food - Canned Goods,Lentil Soup (canned),Colombia
429,1/24/2020,Food - Frozen Foods,Frozen Chicken Nuggets,Russia
430,6/27/2026,Fitness,Fitness Balance Ball,Indonesia
431,9/8/2022,Automotive,Car Vacuum Cleaner,China
432,8/22/2022,Automotive,Car Vacuum,Myanmar
433,5/22/2023,Kitchen,Pasta Maker,Indonesia
434,5/31/2023,Food - Snacks,Caramelized Onion Dip Mix,Portugal
435,5/31/2020,Food - Snacks,Honey Butter Popcorn,China
436,2/16/2023,Food - Dairy,Smoked Gouda Cheese,China
437,5/18/2022,Food - Snacks,Cinnamon Spiced Almonds,Palestinian Territory
438,1/25/2026,Outdoor,Stainless Steel BBQ Grill Set,France
439,4/8/2026,Fitness,Sports Bottle,Indonesia
440,11/11/2022,Kitchen,Electric Food Steamer,China
441,9/10/2020,Food - Dairy,Low-Fat Cottage Cheese,Brazil
442,6/22/2022,Garden,Mini Indoor Herb Garden Kit,Russia
443,2/26/2023,Smart Home,Smart Wi-Fi Light Bulbs,Peru
444,3/19/2022,Fitness,Self-Cleaning Water Bottle,Ukraine
445,8/6/2024,Garden,Garden Hoses with Expandable Features,Indonesia
446,6/6/2024,Food - Snacks,Dark Chocolate Raisins,China
447,7/5/2026,Garden,Self-Watering Planter,Nigeria
448,5/1/2026,Pets,Adjustable Pet Feeder,Russia
449,6/25/2026,Kitchen,Multi-Functional Rice Cooker,Indonesia
450,6/30/2020,Kitchen,Oven Mitts with Pocket,China
451,3/8/2026,Clothing - Bottoms,Chino Shorts,Peru
452,4/2/2025,Food - Pasta,Lasagna Noodles,Slovenia
453,3/23/2023,Food - Meats,Whole Roasted Chicken,Israel
454,6/20/2020,Food - Breakfast Foods,Almond Coconut Granola,Indonesia
455,11/21/2026,Outdoor,Lockable Bicycle Chain,China
456,11/11/2022,Food - Frozen Foods,Roasted Vegetable Medley,Brazil
457,3/8/2026,Accessories,Trackpad for Laptop,Brazil
458,10/2/2021,Food - Breakfast Foods,Almond Coconut Granola,China
459,1/31/2020,Food - Produce,Sliced Avocado,Malawi
460,4/2/2023,Pets,Dog Car Seat Cover,Azerbaijan
461,7/28/2022,Food - Snacks,Roasted Chickpeas,Russia
462,4/6/2023,Automotive,Car Vacuum,Indonesia
463,11/27/2024,Food - Spices,Chili Powder,Poland
464,11/29/2025,Fitness,Glass Water Bottle,Sweden
465,6/12/2020,Crafts,DIY Candle Kit,Myanmar
466,12/9/2020,Food - Produce,Honey Glazed Carrots,Indonesia
467,9/15/2022,Food - Nut Butters,Maple Almond Butter,Denmark
468,12/24/2025,Pets,Pet Bed,Poland
469,9/17/2021,Office,LED Desk Lamp with USB Charging Port,Indonesia
470,4/5/2022,Food - Canned Goods,Garden Vegetable Soup,Vietnam
471,5/14/2022,Food - Condiments,Avocado Oil Mayo,Ghana
472,4/17/2021,Food - Bakery,Gluten-Free Bread,China
473,12/12/2022,Audio,Bluetooth Sleep Headphones,Georgia
474,4/3/2020,Food - Meats,Whole Roasted Chicken,Palestinian Territory
475,9/18/2022,Food - Snacks,Kid's Fruit Snacks,Myanmar
476,4/15/2022,Art Supplies,Crafting Kit,Sweden
477,5/20/2022,Home,Wall Art,Morocco
478,12/22/2023,Food - Salads,Asian Noodle Salad Kit,South Africa
479,10/20/2025,Food - Baking,Almond Flour Bread Mix,United Kingdom
480,2/12/2024,Home,Photo Album,Spain
481,9/3/2026,Food - Dried Fruits,Californian Raisins,Uganda
482,10/7/2022,Food - Snacks,Mini Pretzels,Zimbabwe
483,9/28/2020,Food - Cooking Oil,Basil-infused Olive Oil,United States
484,12/16/2023,Food - Canned Goods,Black Olives,China
485,9/13/2023,Food - Snacks,Honey Butter Popcorn,France
486,5/8/2023,Food - Snacks,Organic Cereal Bars,Armenia
487,11/14/2026,Food - Condiments,Avocado Oil Mayo,China
488,5/25/2025,Food - Bakery,Corn Tortillas,Honduras
489,10/27/2024,Fitness,Fruit Infuser Water Bottle,China
490,1/17/2025,Electronics,Wireless Wi-Fi Extender,Brazil
491,1/20/2025,Clothing,Fleece Lined Leggings,Russia
492,8/4/2022,Food - Dairy Alternatives,Coconut Cream Pie Yogurt,China
493,4/23/2021,Home,Set of Decorative Storage Bins,Philippines
494,3/20/2025,Fitness,Fitness Tracker Band,Czech Republic
495,5/22/2024,Audio,Portable Bluetooth Headphones,China
496,8/11/2024,Clothing - Outerwear,Sports Windbreaker,Peru
497,7/3/2022,Clothing - Tops,Breezy Off-The-Shoulder Top,Ukraine
498,10/14/2020,Food - Sauces,Fresh Basil Pesto,Brazil
499,1/6/2020,Food - Bakery,Cranberry Almond Biscotti,Myanmar
500,12/10/2025,Books,Coloring Books for Adults,Syria
501,11/26/2025,Food - Bakery,Pumpkin Spice Muffins,Indonesia
502,10/17/2026,Fitness,Fitness Activity Journal,Panama
503,1/26/2025,Food - Salads,Mediterranean Couscous Salad,Brazil
504,2/11/2025,Food - Breakfast,Flavored Instant Oatmeal,Portugal
505,5/29/2026,Outdoor,Foldable Electric Scooter,Tanzania
506,4/18/2022,Travel,Travel Shoe Bags Set,Poland
507,7/23/2021,Pets,Pet Leash,United States
508,10/1/2021,Clothing - Shirts,Essential White Button-Up,Bulgaria
509,2/1/2022,Food - Snacks,Hummus Trio Pack,China
510,7/17/2025,Food - Frozen Foods,Spinach Pizza Rolls,Mauritius
511,12/2/2020,Food - Bakery,Peanut Butter Cookies,Sweden
512,3/12/2023,Food - Meat Substitutes,Veggie Burger Patties,Taiwan
513,10/10/2026,Outdoor,Camping Chair with Cooler,Czech Republic
514,10/29/2021,Pets,Pet Carrier,United States
515,6/23/2023,Kitchen,Electric Butter Churn,Nigeria
516,1/19/2026,Accessories,Cotton Tote Bag Set,Russia
517,7/24/2024,Toys,Children's Educational Puzzle,Portugal
518,2/5/2020,Food - Meat,Herbed Chicken Breast,Indonesia
519,5/9/2023,Home,Shoe Organizer,Brazil
520,12/29/2025,Health,Deep Tissue Massage Gun,Argentina
521,2/2/2023,Home,Over-The-Door Shoe Organizer,Botswana
522,12/2/2024,Food - Frozen Foods,Cauliflower Rice Stir-Fry,Brazil
523,12/18/2020,Food - Condiments,Peanut Butter,Indonesia
524,7/2/2021,Apps,Digital Bullet Journal,North Korea
525,12/3/2025,Fitness,Luxury Yoga Mat,Thailand
526,10/3/2025,Food - Fresh Produce,Vegetable Stir Fry Mix,Nigeria
527,12/11/2022,Food - Dressings,Miso Dressing,Brazil
528,4/29/2021,Home,Body Pillow Case,China
529,12/11/2021,Home,Wireless Security Camera,China
530,5/20/2023,Accessories,Phone Case,Russia
531,6/29/2024,Food - Frozen Foods,Frozen Chicken Nuggets,Peru
532,9/5/2021,Electronics,Kids' Educational Tablet,Australia
533,1/14/2020,Clothing - Dresses,Floral Summer Dress,Indonesia
534,4/14/2024,Fitness,Insulated Sport Tumbler,Malawi
535,5/20/2020,Food - Dairy,Whipped Cream Cheese,Argentina
536,1/25/2026,Clothing,Rain Jacket,Philippines
537,2/2/2021,Pets,Pet Hair Remover,China
538,10/4/2022,Food - Breakfast,Cranberry Orange Oatmeal,Guatemala
539,10/20/2024,Food - Meats,Classic Cheeseburger Mix,Ecuador
540,11/2/2023,Health,Vegan Protein Powder,China
541,7/15/2024,Food - Bakery,Cranberry Almond Cookies,Indonesia
542,9/19/2026,Food - Desserts,Chocolate Avocado Pudding,Philippines
543,8/22/2023,Electronics,Wireless Charger Stand,Serbia
544,9/17/2026,Electronics,Portable Charger with Solar Panel,Brazil
545,9/27/2023,Food - Prepared Foods,BBQ Jackfruit,Indonesia
546,5/25/2025,Clothing - Footwear,Casual Sneakers,Russia
547,8/1/2023,Food - Condiments,Homemade Salsa,France
548,12/25/2022,Food - Breakfast,Cranberry Orange Oatmeal,Russia
549,11/11/2020,Toys,Nature Explorer Lens Kit,Nigeria
550,7/29/2024,Pets,Pet Travel Backpack Carrier,China
551,6/13/2026,Food - Canned Goods,Vegetarian Chili,Sweden
552,2/14/2026,Kitchen,Multi-Cooker,China
553,7/31/2022,Clothing - Accessories,Fashionable Fanny Pack,China
554,4/26/2026,Clothing - Bottoms,Linen Trousers,China
555,12/10/2026,Food - Snacks,Chili Lime Corn Chips,Thailand
556,11/4/2022,Food - Prepared Meals,Stuffed Peppers with Quinoa,Colombia
557,5/28/2025,Food - Snacks,Rainbow Veggie Chips,China
558,2/1/2022,Office,Customizable Name Plate,Nepal
559,3/18/2026,Food - Baking,Almond Flour Brownies,Argentina
560,1/3/2026,Food - Breakfast,Peanut Butter Granola,Russia
561,12/14/2026,Toys,Jigsaw Puzzle,Poland
562,8/8/2025,Home,LED Table Lamp,China
563,7/10/2026,Food - Condiments,Chocolate Syrup,Madagascar
564,11/2/2024,Food - Condiments,Tahini,Portugal
565,3/12/2020,Pets,Pet Camera with Treat Dispenser,Thailand
566,9/26/2025,Garden,Gardening Tool Belt,Central African Republic
567,3/30/2022,Food - Grains,Saffron Rice Mix,Sweden
568,6/16/2023,Food - Frozen Meals,Frozen Vegetarian Pizza,China
569,2/21/2026,Home Appliances,Robot Vacuum Cleaner,Netherlands
570,4/19/2021,Food - Frozen Foods,Vegetable Lasagna,Philippines
571,2/12/2024,Food - Salads,Kale Salad with Lemon Dressing,China
572,1/10/2026,Home,Wall Calendar,Peru
573,3/17/2021,Automotive,Wireless Car Charger,China
574,10/31/2022,Food - Meat,Beef Sirloin Steak,Russia
575,4/5/2024,Pets,Pet Water Fountain with Filtration,Philippines
576,9/22/2026,Food - Sauces,Sriracha Honey Glaze,Russia
577,6/17/2025,Clothing - Outerwear,Casual Long Cardigan,Japan
578,6/26/2023,Food - Prepared Foods,Beet Salad,Chile
579,5/17/2026,Food - Cheese,Herbed Goat Cheese,China
580,7/17/2023,Electronics,Solar Charger,Ethiopia
581,12/9/2026,Home,Pest Control Traps,Portugal
582,11/2/2021,Clothing,Rain Jacket,Peru
583,5/8/2026,Accessories,Phone Case,Poland
584,5/22/2024,Food - Snacks,Puffed Rice Cake,Colombia
585,3/28/2020,Food - Dairy,Greek Yogurt Parfait,Albania
586,1/9/2023,Audio,Bluetooth Sleep Headphones,China
587,8/7/2022,Food - Grains,Whole Wheat Pasta,China
588,9/4/2020,Food - Dressings,Balsamic Vinaigrette,Slovenia
589,3/19/2026,Food - Bakery,French Bread,Indonesia
590,5/24/2022,Food - Spreads,Chocolate Hazelnut Spread,Bosnia and Herzegovina
591,2/14/2025,Outdoor,Inflatable Paddle Board,Thailand
592,10/5/2022,Clothing - Outerwear,Graphic Hoodie,China
593,9/20/2025,Food - Salad Toppings,Herb Seasoned Croutons,China
594,1/1/2026,Fitness,Fitness Tracker Band,Guadeloupe
595,10/30/2022,Food - Cereals,Raisin Cinnamon Granola,Indonesia
596,12/28/2022,Audio,Bluetooth Headphones,China
597,12/15/2026,Toys,Kids' Building Blocks,France
598,9/22/2020,Fitness,Fitness Tracker with Heart Rate Monitor,Philippines
599,2/5/2024,Food - Canned Goods,Apple Sauce,Portugal
600,2/4/2020,Food - Snacks,Peanut Butter Chocolate Chip Bars,Portugal
601,8/11/2021,Travel,Lightweight Travel Backpack,China
602,8/5/2021,Clothing - Accessories,Canvas Tote Bag,Poland
603,2/17/2025,Food - Meat,Honey Garlic Chicken,Finland
604,11/19/2020,Food - Frozen,Vegetable Korma,Brazil
605,9/8/2020,Clothing - Footwear,Casual Sneakers,Sweden
606,12/8/2020,Accessories,Bluetooth Tracker,China
607,8/3/2024,Food - Prepared Foods,Maple Glazed Carrots,Yemen
608,10/19/2025,Beauty,Luxury Bath Salts,China
609,3/11/2025,Food - Snacks,Chickpea Snack Mix,China
610,10/22/2020,Garden,Garden Hose,Poland
611,9/10/2021,Pets,Pet Camera with Treat Dispenser,Portugal
612,5/15/2025,Pets,Cat Tree,Mexico
613,4/3/2022,Kitchen,Dual Function Electric Skillet,Greece
614,1/19/2021,Accessories,Wireless Earbud Silicone Covers,Tanzania
615,1/8/2024,Food - Salads,Mediterranean Couscous Salad,Malaysia
616,11/7/2024,Home,Photo Album,Azerbaijan
617,4/24/2024,Food - Beverages,Pumpkin Spice Latte Mix,Indonesia
618,10/8/2021,Baby,Baby Monitor,South Africa
619,7/18/2020,Pets,Pet Grooming Kit,Honduras
620,10/28/2024,Food - Sauces,Lemon Basil Pasta Sauce,Tanzania
621,10/30/2025,Food - Condiments,Maple Syrup,China
622,5/28/2021,Food - Condiments,Potato Wedge Seasoning,Brazil
623,2/16/2022,Food - Pasta,Lasagna Noodles,Venezuela
624,10/13/2021,Crafts,DIY Candle Kit,Finland
625,1/13/2023,Automotive,Car Trash Can,Poland
626,7/1/2025,Kitchen,Collapsible Colander,Japan
627,6/28/2025,Food - Condiments,Classic Caesar Dressing,Palestinian Territory
628,6/9/2024,Food - Breakfast,Coconut Almond Granola,China
629,9/24/2021,Food - Snacks,Peach Fruit Cups,China
630,6/6/2020,Toys,Children's Educational Puzzle,Greece
631,10/1/2026,Food - Seafood,Surimi Crab Sticks,Angola
632,7/3/2024,Outdoor,LED Camping Lantern with USB Charging,United States
633,2/14/2022,Food - Condiments,Orange Ginger Vinaigrette,United States
634,11/8/2024,Clothing - Tops,V-Neck Sweater,Indonesia
635,12/5/2020,Office,Magnetic Whiteboard,Russia
636,12/12/2025,Food - Pasta,Ramen Noodles,Netherlands
637,8/14/2026,Gaming,Ergonomic Gaming Chair,China
638,6/16/2020,Garden,Potting Soil,Bulgaria
639,3/9/2025,Kitchen,Reusable Snack Bags,Somalia
640,1/2/2021,Food - Beverages,Chocolate Mint Protein Shake,Philippines
641,5/7/2022,Toys,Kids' Art Easel,Paraguay
642,12/18/2020,Garden,Mini Indoor Hydroponic Garden,Russia
643,11/21/2024,Kitchen,Digital Kitchen Timer,United States
644,11/5/2021,Outdoor,Pocket Blanket,Philippines
645,8/16/2024,Home Appliances,Robot Vacuum Cleaner,Japan
646,4/18/2022,Food - Spices,Garlic Herb Seasoning,China
647,12/20/2021,Pets,Pet Safety Harness,Greece
648,12/5/2022,Home,Fridge Magnet Set,Russia
649,6/25/2024,Fitness,Stainless Steel Water Bottle,Serbia
650,2/27/2022,Food - Meat,Sliced Ham,Macedonia
651,7/2/2024,Outdoor,Outdoor Sports Backpack,Pakistan
652,10/2/2025,Fitness,Insulated Sport Tumbler,Indonesia
653,5/24/2023,Food - Snacks,Peach & Mango Salsa,Brazil
654,12/24/2022,Food - Meat,Honey Garlic Chicken,Mexico
655,9/11/2023,Kitchen,Eco-Friendly Stainless Steel Straws,Philippines
656,3/13/2022,Fitness,Fitness Activity Journal,Brazil
657,4/10/2020,Clothing - Outerwear,Denim Jacket,Philippines
658,5/19/2022,Kitchen,Electric Milk Frother,Philippines
659,10/30/2025,Food - Salads,Kale Salad Kit,Croatia
660,10/16/2025,Kitchen,Cooking Utensil Set,South Korea
661,11/30/2025,Kitchen,Aeropress Coffee Maker,China
662,3/24/2024,Food - Condiments,Marinara Sauce,Colombia
663,9/3/2024,Clothing - Outerwear,Denim Jacket,China
664,10/24/2020,Food - Dairy,Sliced Provolone Cheese,China
665,3/27/2025,Food - Baking,Organic Coconut Flakes,Greece
666,10/24/2026,Garden,Garden Tool Set,Norway
667,9/8/2022,Food - Snacks,Black Bean Salsa,Russia
668,3/23/2024,Food - Snacks,Dark Chocolate Covered Almonds,Russia
669,9/8/2022,Outdoor,Foldable Electric Scooter,Peru
670,5/15/2023,Food - Snacks,Savory Rice Cakes,Japan
671,3/25/2025,Food - Frozen Foods,Frozen Mixed Berries,Croatia
672,5/3/2024,Food - Prepared Meals,Teriyaki Chicken Bowl,Serbia
673,2/2/2020,Clothing - Shoes,Stylish Combat Boots,China
674,9/27/2022,Food - Household,Toilet Paper (12 rolls),Netherlands
675,3/7/2020,Food - Frozen Foods,Garlic Parmesan Wings,Russia
676,2/7/2025,Food - Frozen Food,Vegetable Fried Rice Mix,Czech Republic
677,6/11/2026,Food - Pasta,Black Bean Spaghetti,Philippines
678,2/11/2023,Pets,Adjustable Pet Grooming Table,Indonesia
679,7/15/2022,Kitchen,Bamboo Utensil Holder,Chile
680,11/20/2022,Food - Breakfast,Toasted Coconut Granola,Armenia
681,2/28/2020,Food - Condiments,Bock Beer Mustard,Uruguay
682,5/25/2023,Food - Health/Protein,Vanilla Protein Powder,Canada
683,5/18/2020,Food - Snacks,Savory Snack Mix,Portugal
684,3/26/2023,Garden,Gardening Gloves,China
685,2/10/2022,Toys,Interactive Plush Toy,China
686,3/17/2024,Food - Frozen Food,Sweet Potato and Chickpea Bowl,China
687,4/7/2021,Food - Condiments,Mayonnaise,China
688,6/29/2023,Food - Meat,Lemon Dill Chicken Skewers,Indonesia
689,10/14/2020,Pets,Pet Grooming Glove,Russia
690,3/17/2024,Kitchen,Tea Set with Infuser,Mozambique
691,10/3/2020,Kitchen,Coffee Making Kit,Philippines
692,6/29/2023,Food - Baking,Vanilla Pudding Mix,Luxembourg
693,7/3/2022,Pets,Pet Grooming Gloves,Sweden
694,10/15/2024,Food - Beverages,Peanut Butter Banana Smoothie Mix,Panama
695,1/22/2024,Home,Scent Diffuser Oil,China
696,6/15/2024,Food - Canned Goods,Black Olives,Russia
697,11/20/2020,Garden,Multi-Purpose Plant Care Tool,China
698,1/11/2025,Kitchen,Ceramic Knife Set,China
699,10/5/2025,Clothing - Outerwear,Fleece Hoodie,China
700,2/21/2025,Pets,Pet Grooming Brush,Argentina
701,10/15/2023,Travel,Travel Organizer,Vietnam
702,11/9/2025,Kitchen,Silicone Stretch Lids,Czech Republic
703,12/5/2022,Beauty,Luxury Rolling Makeup Case,Indonesia
704,12/22/2021,Accessories,Personalized Keychain,China
705,10/22/2022,Garden,Gardening Gloves with Claws,Ukraine
706,6/17/2020,Food - Condiments,Pineapple Salsa,China
707,8/18/2026,Home,Decorative LED Neon Sign,Thailand
708,11/6/2023,Kitchen,Cooking Utensil Set,United States
709,1/10/2025,Food - Canned Goods,Chicken Broth,Barbados
710,4/10/2024,Kitchen,Siphon Coffee Maker,Russia
711,8/14/2026,Audio,Noise-Canceling Earbuds,Mongolia
712,4/19/2025,Food - Snacks,Taro Chips,Guam
713,10/14/2025,Food - Nuts,Pine Nuts,Palestinian Territory
714,2/16/2020,Food - Frozen Foods,Peas (frozen),Ukraine
715,12/3/2024,Kitchen,Pasta Maker,Indonesia
716,9/15/2022,Kitchen,Cocktail Shaker and Mixing Glass Set,France
717,7/12/2021,Food - Snacks,Almond Butter Granola Bars,China
718,9/29/2026,Food - Breakfast,Buttermilk Pancakes,East Timor
719,6/26/2021,Food - Snacks,Sea Salt Tortilla Chips,Colombia
720,10/26/2024,Food - Pasta,Red Lentil Pasta,Russia
721,10/10/2025,Fitness,Adjustable Resistance Bands,Philippines
722,2/12/2025,Food - Protein,Crispy Tofu Bites,China
723,4/30/2022,Automotive,Car Diagnostic Scanner,Venezuela
724,8/20/2025,Food - Seasonings,Lemon Pepper Seasoning,Estonia
725,6/4/2023,Food - Canned Soups,Lentil Vegetable Stew,Philippines
726,12/21/2022,Food - Snacks,Protein Bar Variety Pack,Czech Republic
727,11/5/2022,Food - Snacks,Chickpea Snack Mix,Russia
728,7/2/2023,Outdoor,Outdoor Inflatable Pool,Australia
729,5/23/2026,Home Security,Digital Wireless Camera,Sweden
730,8/28/2023,Pets,Cat Tree with Scratching Posts,United States
731,5/8/2022,Food - Nuts,Organic Almonds,China
732,1/24/2021,Kitchen,Electric Griddle with Lid,Pakistan
733,12/6/2020,Garden,Plant Pot Drip Trays,China
734,1/14/2025,Travel,Compressible Packing Cubes,Czech Republic
735,7/13/2022,Beauty,Skincare Fridge,Guatemala
736,12/8/2020,Garden,Adjustable Garden Rake,Niger
737,1/6/2026,Office,Workstation Laptop Stand,China
738,7/2/2024,Food - Frozen Meals,Marinara Parmesan Baked Ziti,Uganda
739,6/18/2026,Electronics,Digital Voice Recorder,Russia
740,9/25/2023,Accessories,Handmade Leather Wallet,Indonesia
741,8/4/2022,Kitchen,Travel Mug,Argentina
742,9/3/2022,Food - Prepared Foods,Pesto Pasta Salad,Philippines
743,3/12/2022,Food - Dairy Alternatives,Coconut Cashew Yogurt,Czech Republic
744,1/6/2023,Clothing - Bottoms,Stylish Wide-Leg Trousers,China
745,9/9/2026,Food - Cheese,Buffalo Stilton Cheese,Russia
746,2/5/2021,Food - Oils & Vinegars,Coconut Oil,China
747,9/29/2020,Outdoor,Self-Inflating Camping Mattress,Portugal
748,5/15/2025,Kitchen,Ice Cube Tray with Lid,China
749,7/12/2020,Food - Sauces,Vegan Alfredo Sauce,Panama
750,3/7/2023,Clothing - Tops,Golf Polo Shirt,Belarus
751,10/12/2020,Electronics,Wireless Mouse,Vietnam
752,7/25/2021,Clothing,Rain Jacket,China
753,3/7/2021,Food - Snacks,Honey Almond Granola Bars,Guatemala
754,2/27/2026,Home,3D Night Light,Czech Republic
755,8/18/2020,Clothing - Footwear,Ankle Boots,United States
756,8/21/2021,Art Supplies,Art Supplies Organizer,China
757,8/14/2022,Kitchen,Coffee Maker,China
758,6/3/2022,Home,Antique Style Clock,Georgia
759,6/3/2026,Food - Desserts,Peanut Butter Chocolate Clusters,China
760,5/29/2025,Fitness,Protein Powder,Indonesia
761,12/20/2024,Kitchen,Pizza Stone,Indonesia
762,9/1/2023,Fitness,Smart Thermos,Indonesia
763,4/12/2021,Clothing - Tops,Vintage Graphic Tee,Paraguay
764,10/17/2025,Kitchen,Non-Stick Baking Sheets,Indonesia
765,1/19/2024,Automotive,Motorcycle Phone Mount,Afghanistan
766,6/14/2022,Food - Spices,Cajun Seasoning,Finland
767,5/6/2025,Food - Jams & Jellies,Strawberry Fruit Spread,Cuba
768,8/15/2024,Audio,Portable Bluetooth Speaker,Indonesia
769,3/23/2026,Food - Frozen Foods,Sweet Potato Fries,Russia
770,4/30/2020,Fitness,High-Quality Yoga Mat,Guatemala
771,10/18/2022,Food - Snacks,Roasted Chickpeas,Canada
772,1/17/2021,Food - Beverages,Lemon Lime Sparkling Water,Portugal
773,8/23/2020,Garden,Self-Watering Planter,Uruguay
774,2/20/2022,Food - Meats,Chipotle Black Bean Burger,Luxembourg
775,8/5/2025,Home,Handcrafted Wooden Coasters,Italy
776,12/6/2024,Food - Frozen Foods,Roasted Garlic Mashed Potatoes,China
777,4/11/2023,Outdoor,Self-Inflating Camping Mattress,China
778,4/23/2025,Beauty,Compact Hair Dryer,Indonesia
779,1/26/2021,Kitchen,Personal Blender with Travel Cup,Guyana
780,1/23/2026,Food - Snacks,Honey Wheat Pretzels,Philippines
781,6/17/2021,Health,Smartphone UV Sanitizer,Japan
782,12/12/2022,Food - Snacks,Energy Bites,China
783,8/11/2022,Food - Sides,Mashed Sweet Potatoes,Poland
784,2/17/2025,Pets,Pet Bed with Removable Cover,Canada
785,7/12/2021,Sports,Basketball,Indonesia
786,6/15/2025,Food - Grains,Couscous,China
787,7/23/2025,Food - Snacks,Creamy Avocado Dip,Philippines
788,5/14/2021,Food - Meat,Maple Bacon Jerky,United States
789,4/29/2026,Food - Sides,Instant Mashed Potatoes,Egypt
790,11/26/2020,Food - Beverages,Organic Green Tea,Peru
791,12/16/2021,Kitchen,Bamboo Cutting Board Set,China
792,9/19/2026,Food - Snacks,Kettle Corn Popcorn,Austria
793,10/15/2024,Electronics,Drone,Philippines
794,9/27/2024,Food - Grains,Oats,Paraguay
795,5/24/2025,Tools,Cordless Electric Screwdriver,Mauritius
796,5/4/2023,Office,Adjustable Standing Desk,Ukraine
797,10/29/2025,Food - Meal Kits,Pasta Primavera Kit,Poland
798,1/3/2020,Clothing,Luxury Bathrobe,Norway
799,8/24/2022,Kitchen,Ceramic Knife Set,Russia
800,6/15/2021,Food - Frozen,Sweet Corn Fritters,China
801,1/3/2025,Health,Elderberry Syrup Kit,South Africa
802,4/7/2026,Food - Snacks,Honeycrisp Apple Chips,Portugal
803,9/24/2022,Food - Condiments,Roasted Garlic Aioli,Philippines
804,3/18/2022,Food - Dressings,Balsamic Vinaigrette,China
805,9/14/2024,Food - Canned Goods,Cinnamon Apple Sauce,Russia
806,6/9/2022,Accessories,Slim Wallet,Honduras
807,9/30/2022,Food - Cereals,Raisin Cinnamon Granola,Poland
808,11/5/2021,Home,Shoe Organizer,Indonesia
809,1/3/2026,Food - Fruits,Sliced Strawberries,China
810,2/3/2022,Home,LED Desk Lamp,Colombia
811,7/4/2026,Clothing,Winter Knit Beanie,Indonesia
812,3/4/2021,Food - Protein,Crispy Tofu Bites,China
813,3/24/2022,Food - Snacks,Dried Fruit Medley,Malaysia
814,6/28/2025,Outdoor,Compact Folding Table,France
815,9/12/2022,Food - Snacks,Peanut Butter Pretzel Bites,Russia
816,7/4/2024,Food - Frozen Foods,Asian Stir-Fry Vegetables,Indonesia
817,4/11/2023,Kitchen,Glass Tea Pot,Indonesia
818,3/13/2021,Clothing - Outerwear,Graphic Hoodie,Colombia
819,11/8/2025,Food - Snacks,Blue Corn Tortilla Chips,Colombia
820,4/25/2021,Audio,Noise-Canceling Headphones,Russia
821,6/22/2025,Home,Antique Style Clock,Poland
822,5/12/2020,Food - Frozen Foods,Frozen Pizza,China
823,10/14/2023,Garden,Herb Drying Rack,Brazil
824,10/10/2022,Home Appliances,Handheld Vacuum,Philippines
825,1/12/2023,Fitness,High-Quality Yoga Block,Mauritius
826,11/30/2024,Food - Prepared Meals,Spicy Tuna Sushi Kit,Russia
827,2/11/2025,Food - Condiments,Spicy Salsa Verde,Brazil
828,2/28/2024,Food - Canned Goods,Chili Beans (canned),Myanmar
829,7/24/2021,Baby,Baby Safety Corner Guards,Japan
830,3/11/2025,Food - Breakfast,Maple Oatmeal,China
831,5/23/2020,Toys,Nature Explorer Lens Kit,China
832,10/5/2024,Food - Bakery,Classic Bagels,Kazakhstan
833,5/30/2021,Books,Kids' Activity Book,China
834,5/12/2021,Music,Guitar Tuner,Russia
835,1/6/2022,Food - Seafood,Smoked Salmon,China
836,11/27/2021,Outdoor,Camping Lantern,Bosnia and Herzegovina
837,11/6/2022,Garden,Self-Watering Planter,France
838,2/22/2022,Food - Produce,Fresh Basil,Bolivia
839,10/24/2022,Home,LED Strip Lights with Remote Control,Japan
840,7/31/2021,Food - Snacks,Savory Snack Mix,China
841,4/2/2022,Food - Soups,Miso Soup Mix,Kosovo
842,4/8/2020,Food - Baking,Cacao Powder,United States
843,10/7/2022,Food - Cereal,Honey Nut Cheerios,Indonesia
844,8/16/2023,Beauty,Luxury Rolling Makeup Case,Honduras
845,4/24/2025,Food - Condiments,Sweet and Spicy Barbecue Sauce,Brazil
846,9/19/2024,Clothing - Dresses,Classic Black Dress,Nigeria
847,12/19/2021,Food - Produce,Honeycrisp Apples,Russia
848,3/11/2024,Food - Snacks,Roasted Red Pepper Dip,Philippines
849,9/12/2025,Food,Home Brewing Starter Kit,Indonesia
850,2/28/2024,Food - Sauces,Roasted Garlic Pasta Sauce,Indonesia
851,2/17/2023,Outdoor,Outdoor Mosquito Repellent Lantern,Poland
852,6/19/2021,Wearable Tech,Smartwatch,Indonesia
853,4/24/2020,Fitness,Non-Slip Yoga Socks,Dominica
854,7/7/2025,Food - Produce,Organic Sweet Potatoes,Georgia
855,10/17/2026,Food - Snacks,Savory Rice Cakes,China
856,5/24/2024,Office,Ergonomic Mouse Pad with Wrist Support,China
857,6/27/2025,Books,Kids' Activity Book,Portugal
858,11/23/2024,Food - Frozen Foods,Almond Flour Pizza Crust,Russia
859,6/15/2020,Automotive,Magnetic Phone Car Mount,Argentina
860,3/5/2021,Food - Beverages,Peanut Butter Banana Smoothie Mix,Haiti
861,6/8/2024,Food - Baking,Vegan Chocolate Cake Mix,Indonesia
862,11/21/2024,Food - Meat,Spinach and Feta Stuffed Chicken Breast,Greece
863,10/26/2026,Outdoor,Camping Tent,Poland
864,3/29/2022,Accessories,Travel Jewelry Organizer,Indonesia
865,10/31/2024,Food - Fruits,Sliced Strawberries,China
866,4/16/2020,Toys,Puzzle,Nicaragua
867,6/17/2020,Outdoor,Travel Beach Blanket,Philippines
868,9/23/2020,Garden,Gardening Tool Belt,Honduras
869,10/8/2020,Home,Wall Art Stickers,Indonesia
870,11/24/2024,Kitchen,Cooking Utensil Set,Greece
871,4/5/2023,Food - Snacks,Peach Fruit Cups,Bolivia
872,1/16/2022,Pets,Pet Training Pads,Argentina
873,2/29/2024,Food - Grains,Basmati Rice,China
874,1/17/2021,Food - Nuts,Organic Almonds,Ukraine
875,8/3/2024,Food - Condiments,Peanut Butter,Norway
876,1/17/2022,Outdoor,Portable Camping Shower,Argentina
877,11/21/2023,Outdoor,Outdoor Mosquito Repellent Lantern,United Kingdom
878,7/4/2025,Tools,Multifunctional Pocket Tool,Uruguay
879,9/15/2021,Food - Frozen Foods,Sweet Potato Fries,Spain
880,5/12/2020,Clothing - Pants,Slim Fit Chinos,China
881,10/11/2026,Food - Grains,Egg Noodles,Ecuador
882,11/26/2024,Food - Dairy Alternatives,Chocolate Almond Milk,Palestinian Territory
883,4/2/2020,Home,Self-Adhesive Wallpaper,Philippines
884,8/10/2022,Kitchen,Pasta Maker,Sweden
885,8/29/2026,Food - Meat & Poultry,Italian Sausage Links,Brazil
886,11/11/2020,Clothing - Sweaters,Crew Neck Sweater,China
887,6/5/2023,Clothing,Rain Jacket,China
888,1/2/2022,Office,Desk Organizer Set,Indonesia
889,6/25/2022,Food - Condiments,Mayonnaise,Sweden
890,5/25/2023,Food - Oils & Vinegars,Sesame Oil,Ukraine
891,12/23/2024,Audio,Portable Speakers,Indonesia
892,5/19/2023,Clothing - Dresses,Ribbed Knit Dress,Poland
893,10/1/2022,Clothing - Footwear,High-Top Leather Boots,Poland
894,5/22/2022,Kitchen,Reusable Snack Bags,Indonesia
895,3/16/2026,Food - Condiments,Thai Coconut Curry Sauce,China
896,3/1/2025,Food - Cereal,Apple Cinnamon Instant Oatmeal,Portugal
897,11/22/2024,Food - Prepared Foods,Pesto Pasta Salad,China
898,7/19/2024,Food - Household,Toilet Paper (12 rolls),South Korea
899,12/30/2021,Food - Grains,Saffron Rice Mix,Indonesia
900,7/24/2022,Food - Snacks,Baked Potato Chips,China
901,12/6/2020,Food - Baking,Organic Coconut Flour,China
902,11/22/2026,Food - Salads,Mediterranean Couscous Salad,Japan
903,11/25/2024,Food - Produce,Mushrooms,China
904,5/29/2025,Food - Seafood,Chili Lime Shrimp,Tajikistan
905,7/5/2025,Garden,Gardening Kneeler and Seat,Micronesia
906,6/6/2020,Outdoor,Window Bird Feeder with Suction Cups,Philippines
907,2/12/2023,Food - Snacks,Chocolate Dipped Fruit,China
908,1/22/2021,Food - Breakfast,Maple Pecan Pancake Mix,China
909,9/29/2022,Clothing - Bottoms,Comfortable Jogger Pants,Poland
910,1/21/2021,Food - Produce,Carrot and Celery Sticks,China
911,12/2/2021,Outdoor,Lightweight Backpacking Tent,China
912,6/6/2020,Home Security,Digital Wireless Camera,Indonesia
913,1/24/2022,Wearable Tech,Fitness Smartwatch,Panama
914,9/11/2026,Food - Condiments,Teriyaki Stir-Fry Sauce,Russia
915,5/29/2021,Kitchen,Dishwasher Safe Cutting Board,China
916,2/17/2023,Home,Natural Soy Candles,Ukraine
917,4/4/2022,Food - Dairy,Pineapple Coconut Yogurt,Botswana
918,7/19/2021,Food - Baking,Brown Sugar,Paraguay
919,1/8/2022,Clothing - Footwear,Sporty Slide Sandals,Czech Republic
920,6/17/2023,Home,Ceramic Planter Set,Indonesia
921,6/24/2021,Food - Seafood,Teriyaki Salmon Fillets,Indonesia
922,11/8/2020,Food - Snacks,Energy Protein Bars,Indonesia
923,7/17/2023,Food - Health Foods,Organic Chia Seeds,United States
924,12/1/2023,Food - Grains,White Rice,Czech Republic
925,6/17/2020,Food - Frozen Foods,Frozen Berry Blend,China
926,8/19/2025,Health,Portable Massage Table,Czech Republic
927,11/19/2020,Food - Condiments,Apricot Jam,Colombia
928,7/2/2022,Clothing - Shoes,Stylish Combat Boots,China
929,3/9/2025,Garden,Mini Indoor Herb Garden Kit,Philippines
930,1/10/2020,Food - Condiments,Vegetarian Stir Fry Sauce,China
931,3/17/2024,Food - Snacks,Chocolate Covered Pretzels,Poland
932,6/25/2026,Clothing - Activewear,Sporty Leggings,Russia
933,8/12/2020,Food - Beverages,Ginger Tea,China
934,9/19/2026,Food - Prepared Foods,Chickpea Salad,Mexico
935,3/12/2024,Kitchen,Electric Can Opener,China
936,12/16/2025,Kitchen,Travel Mug,Tanzania
937,3/22/2026,Food - Frozen Vegetables,Baked Falafel Balls,Poland
938,4/12/2026,Food - Condiments,Spicy Kimchi,Philippines
939,9/6/2021,Outdoor,Compact Portable Grill,China
940,11/16/2021,Food - Desserts,Dark Chocolate Tart,China
941,1/13/2024,Bicycles,Bike Helmet,Sweden
942,2/18/2025,Electronics,Wireless Charger Stand,Iran
943,3/14/2022,Food - Frozen Foods,Ice Cream,Poland
944,4/19/2024,Fitness,Self-Cleaning Water Bottle,Indonesia
945,4/30/2023,Food - Sides,Instant Mashed Potatoes,China
946,1/28/2024,Food - Frozen,Vegetable Korma,Philippines
947,7/6/2022,Clothing,Luxury Bathrobe,Poland
948,8/17/2022,Garden,Garden Hose,Mexico
949,5/1/2025,Garden,Plant Pot Drip Trays,Uganda
950,12/1/2021,Health,Plant-Based Protein Bars,Cuba
951,12/27/2023,Home,Compact Shoe Rack,China
952,8/1/2023,Pets,Pet Activity Tracker,Kazakhstan
953,8/22/2021,Kitchen,Pressure Cooker,Uzbekistan
954,10/11/2026,Food - Frozen Foods,Veggie Lovers Pizza,Poland
955,8/23/2025,Safety,Personal Safety Alarm,Indonesia
956,4/17/2026,Food - Condiments,Artisan Pickles,Ukraine
957,5/8/2020,Food - Canned Soups,Basil Tomato Soup,Japan
958,12/13/2021,Food - Baking,Gingerbread House Kit,Macedonia
959,3/23/2025,Garden,Garden Hoses with Expandable Features,Brazil
960,6/8/2020,Food - Dried Fruits,Dried Apricots,China
961,11/21/2026,Food - Canned Goods,Tuna Fish (canned),Ukraine
962,8/12/2025,Kitchen,Cooking Utensil Set,China
963,2/4/2021,Toys,Kids' Art Supplies Kit,China
964,7/7/2022,Kitchen,Pasta Portion Control Measure,Canada
965,1/21/2021,Office,Under Desk Footrest,Argentina
966,10/15/2022,Food - Frozen Foods,Vegetable Lasagna,China
967,9/21/2024,Food - Bakery,Cinnamon Roll Dough,Iran
968,5/2/2022,Food - Seafood,Garlic Butter Shrimp,Indonesia
969,11/8/2022,Food - Condiments,Vegetarian Stir Fry Sauce,Russia
970,7/14/2026,Travel,Travel Pillow,Greece
971,9/22/2025,Food - Frozen Foods,Frozen Fruit Medley,Syria
972,4/27/2022,Food - Snacks,Black Bean Salsa,Indonesia
973,4/2/2020,Audio,Stylish Wireless Earbuds,China
974,7/3/2025,Clothing - Tops,Warm Wool Sweater,Poland
975,8/28/2026,Food - Snacks,Organic Quinoa Chips,Brazil
976,5/28/2022,Kitchen,Collapsible Colander,Indonesia
977,10/23/2026,Food - Vegetables,Cabbage Slaw Mix,United States
978,9/21/2026,Food - Condiments,Mango Chilli Sauce,Philippines
979,4/4/2020,Smart Home,Wi-Fi Enabled Smart Light Switch,Poland
980,7/17/2026,Food - Beverages,Ginger Tea,Russia
981,1/21/2026,Food - Produce,Sweet Cherry Tomatoes,Russia
982,11/18/2025,Food - Condiments,Almond Butter,Czech Republic
983,12/20/2026,Food - Canned Goods,Beef Chili,China
984,6/17/2020,Computers,USB-C Hub,Bangladesh
985,11/11/2025,Food - Meat,Spicy Chicken Wings,Russia
986,2/26/2026,Home,Set of Decorative Storage Bins,China
987,3/24/2024,Kitchen,Coffee Making Kit,China
988,3/29/2023,Safety,Emergency Preparedness Kit,Poland
989,9/3/2025,Food - Vegetables,Zucchini Noodles,Ireland
990,10/14/2025,Pets,Pet Grooming Kit,Philippines
991,2/13/2025,Garden,Adjustable Kneeling Pad,Israel
992,4/22/2021,Food - Spices,Savory Italian Herbs,Mongolia
993,4/1/2022,Clothing,Luxury Bath Robe,Japan
994,11/20/2020,Kitchen,Pasta Maker,Russia
995,10/16/2024,Audio,Voice-Controlled Speaker,China
996,2/11/2025,Food - Canned Goods,Cinnamon Apple Sauce,Sweden
997,4/23/2023,Food - Nut Butters,Maple Almond Butter,France
998,12/31/2024,Food - Breakfast,Whole Grain Cereal,Palestinian Territory
999,3/27/2023,Kitchen,Electric Kettle with Temperature Control,Philippines
1000,10/7/2022,Toys,Non-Toxic Crayons for Kids,Indonesia
